-- phpMyAdmin SQL Dump
-- version 4.1.14
-- http://www.phpmyadmin.net
--
-- Host: 127.0.0.1
-- Generation Time: Dec 01, 2015 at 02:28 PM
-- Server version: 5.6.17
-- PHP Version: 5.5.12

SET SQL_MODE = "NO_AUTO_VALUE_ON_ZERO";
SET time_zone = "+00:00";


/*!40101 SET @OLD_CHARACTER_SET_CLIENT=@@CHARACTER_SET_CLIENT */;
/*!40101 SET @OLD_CHARACTER_SET_RESULTS=@@CHARACTER_SET_RESULTS */;
/*!40101 SET @OLD_COLLATION_CONNECTION=@@COLLATION_CONNECTION */;
/*!40101 SET NAMES utf8 */;

--
-- Database: `la`
--

-- --------------------------------------------------------

--
-- Table structure for table `awards`
--

CREATE TABLE IF NOT EXISTS `awards` (
  `id` int(11) NOT NULL AUTO_INCREMENT,
  `detail_id` int(11) NOT NULL,
  `sl` int(11) NOT NULL,
  `daag` int(11) NOT NULL,
  `patta_type` varchar(4) COLLATE utf8_unicode_ci NOT NULL,
  `patta_no` int(11) NOT NULL,
  `bigha` int(11) NOT NULL,
  `katha` int(11) NOT NULL,
  `lecha` decimal(10,2) NOT NULL,
  `land_class` varchar(50) COLLATE utf8_unicode_ci NOT NULL,
  `rate` decimal(10,2) NOT NULL,
  `zirat` decimal(10,2) NOT NULL,
  `rev_25` decimal(10,2) NOT NULL,
  `land_value` decimal(10,2) NOT NULL,
  `factored_value` decimal(10,2) NOT NULL,
  `building_value` decimal(10,2) NOT NULL,
  `total` decimal(10,2) NOT NULL,
  `solatium` decimal(10,2) NOT NULL,
  `additional_market_value` decimal(10,2) NOT NULL,
  `grand_total` decimal(10,2) NOT NULL,
  `remarks` text COLLATE utf8_unicode_ci NOT NULL,
  `establishment` decimal(10,2) NOT NULL,
  `contingency` decimal(10,2) NOT NULL,
  `created_at` timestamp NOT NULL,
  `updated_at` timestamp NOT NULL,
  `disputed` tinyint(1) NOT NULL,
  PRIMARY KEY (`id`)
) ENGINE=InnoDB  DEFAULT CHARSET=utf8 COLLATE=utf8_unicode_ci AUTO_INCREMENT=101 ;

--
-- Dumping data for table `awards`
--

INSERT INTO `awards` (`id`, `detail_id`, `sl`, `daag`, `patta_type`, `patta_no`, `bigha`, `katha`, `lecha`, `land_class`, `rate`, `zirat`, `rev_25`, `land_value`, `factored_value`, `building_value`, `total`, `solatium`, `additional_market_value`, `grand_total`, `remarks`, `establishment`, `contingency`, `created_at`, `updated_at`, `disputed`) VALUES
(2, 2, 1, 2, 'PP', 42, 0, 0, '18.00', 'RESIDETIAL', '1050000.00', '61145.00', '16.70', '189000.00', '378000.00', '0.00', '439145.00', '439145.00', '22680.00', '900970.00', ' \r\n								', '135145.50', '45048.50', '2015-12-01 07:21:18', '2015-12-01 07:49:32', 0),
(3, 2, 2, 2, 'PP', 42, 0, 0, '9.00', 'RESIDETIAL', '1050000.00', '37300.00', '8.30', '94500.00', '189000.00', '0.00', '226300.00', '226300.00', '11340.00', '463940.00', ' \r\n								', '83509.20', '32475.80', '2015-12-01 07:25:07', '2015-12-01 07:50:00', 0),
(4, 3, 3, 3, 'PP', 64, 0, 0, '0.00', 'RESIDETIAL', '1050000.00', '0.00', '0.00', '0.00', '0.00', '96934.00', '96934.00', '96934.00', '0.00', '193868.00', ' \r\n								', '34896.24', '13570.76', '2015-12-01 07:36:39', '2015-12-01 07:53:06', 0),
(5, 3, 4, 3, 'PP', 64, 0, 0, '0.00', 'RESIDETIAL', '1050000.00', '0.00', '0.00', '0.00', '0.00', '96934.00', '96934.00', '96934.00', '0.00', '193868.00', ' \r\n								', '34896.24', '13570.76', '2015-12-01 07:57:49', '2015-12-01 07:59:45', 0),
(6, 3, 5, 3, 'PP', 64, 0, 0, '6.00', 'RESIDETIAL', '1050000.00', '2000.00', '7.90', '63000.00', '126000.00', '0.00', '128000.00', '128000.00', '7560.00', '263560.00', ' \r\n								', '47440.80', '18449.20', '2015-12-01 08:00:11', '2015-12-01 08:01:50', 0),
(7, 4, 6, 4, 'PP', 65, 0, 1, '0.00', 'RESIDETIAL', '1050000.00', '13306.00', '17.25', '210000.00', '420000.00', '607142.00', '1040448.00', '1040448.00', '25200.00', '2106096.00', ' \r\n								', '252731.52', '63182.88', '2015-12-01 08:05:45', '2015-12-01 08:07:59', 0),
(8, 5, 7, 5, 'PP', 94, 0, 0, '10.50', 'RESIDETIAL', '1050000.00', '15300.00', '21.00', '110250.00', '220500.00', '405201.00', '641001.00', '641001.00', '13230.00', '1295232.00', ' \r\n								', '194284.80', '64761.60', '2015-12-01 08:12:41', '2015-12-01 08:17:25', 0),
(9, 5, 8, 5, 'PP', 94, 0, 0, '10.50', 'RESIDETIAL', '1050000.00', '5000.00', '21.00', '110250.00', '220500.00', '0.00', '225500.00', '225500.00', '13230.00', '464230.00', ' \r\n								', '83561.40', '32496.10', '2015-12-01 08:17:55', '2015-12-01 08:20:23', 0),
(10, 5, 9, 5, 'PP', 94, 0, 0, '10.50', 'RESIDETIAL', '1050000.00', '1000.00', '21.00', '110250.00', '220500.00', '0.00', '221500.00', '221500.00', '13230.00', '456230.00', ' \r\n								', '82121.40', '31936.10', '2015-12-01 08:20:28', '2015-12-01 08:21:36', 0),
(11, 5, 10, 5, 'PP', 94, 0, 0, '10.50', 'RESIDETIAL', '1050000.00', '22000.00', '21.00', '110250.00', '220500.00', '467401.00', '709901.00', '709901.00', '13230.00', '1433032.00', ' \r\n								', '214954.80', '71651.60', '2015-12-01 08:21:39', '2015-12-01 08:23:23', 0),
(12, 5, 11, 5, 'PP', 94, 0, 0, '0.00', 'RESIDETIAL', '1050000.00', '0.00', '0.00', '0.00', '0.00', '89075.00', '89075.00', '89075.00', '0.00', '178150.00', ' \r\n								', '32067.00', '12470.50', '2015-12-01 08:23:31', '2015-12-01 08:25:14', 0),
(13, 5, 12, 5, 'PP', 94, 0, 0, '11.00', 'RESIDETIAL', '1050000.00', '4000.00', '22.00', '115500.00', '231000.00', '577314.00', '812314.00', '812314.00', '13860.00', '1638488.00', ' \r\n								', '196618.56', '49154.64', '2015-12-01 08:25:19', '2015-12-01 08:26:31', 0),
(14, 6, 13, 6, 'PP', 95, 0, 0, '15.00', 'RESIDETIAL', '1050000.00', '32904.00', '30.00', '157500.00', '315000.00', '1882627.00', '2230531.00', '2230531.00', '18900.00', '4479962.00', ' \r\n								', '537595.44', '134398.86', '2015-12-01 08:28:13', '2015-12-01 08:29:40', 0),
(15, 6, 14, 6, 'PP', 95, 0, 0, '15.00', 'RESIDETIAL', '1050000.00', '58800.00', '30.00', '157500.00', '315000.00', '1807853.00', '2181653.00', '2181653.00', '18900.00', '4382206.00', ' \r\n								', '525864.72', '131466.18', '2015-12-01 08:29:47', '2015-12-01 08:31:20', 0),
(16, 7, 15, 7, 'PP', 58, 0, 0, '10.00', 'RESIDETIAL', '1050000.00', '19100.00', '20.00', '105000.00', '210000.00', '0.00', '229100.00', '229100.00', '12600.00', '470800.00', ' \r\n								', '84744.00', '32956.00', '2015-12-01 08:35:04', '2015-12-01 08:37:23', 0),
(17, 7, 16, 7, 'PP', 58, 0, 0, '0.00', 'RESIDETIAL', '1050000.00', '0.00', '0.00', '0.00', '0.00', '66224.00', '66224.00', '66224.00', '0.00', '132448.00', ' \r\n								', '23840.64', '9271.36', '2015-12-01 08:37:36', '2015-12-01 08:46:10', 0),
(18, 7, 17, 7, 'PP', 58, 0, 0, '0.00', 'RESIDETIAL', '1050000.00', '0.00', '0.00', '0.00', '0.00', '89461.00', '89461.00', '89461.00', '0.00', '178922.00', ' \r\n								', '32205.96', '12524.54', '2015-12-01 08:46:21', '2015-12-01 08:48:07', 0),
(19, 7, 18, 7, 'PP', 58, 0, 1, '10.00', 'RESIDETIAL', '1050000.00', '76600.00', '60.00', '315000.00', '630000.00', '702132.00', '1408732.00', '1408732.00', '37800.00', '2855264.00', ' \r\n								', '342631.68', '85657.92', '2015-12-01 08:48:12', '2015-12-01 08:49:58', 0),
(20, 8, 19, 9, 'PP', 75, 0, 0, '14.00', 'RESIDETIAL', '1050000.00', '4010.00', '28.00', '147000.00', '294000.00', '916569.00', '1214579.00', '1214579.00', '17640.00', '2446798.00', ' \r\n								', '293615.76', '73403.94', '2015-12-01 08:59:00', '2015-12-01 09:02:03', 0),
(21, 8, 20, 9, 'PP', 75, 0, 0, '9.00', 'RESIDETIAL', '1050000.00', '20410.00', '18.00', '94500.00', '189000.00', '0.00', '209410.00', '209410.00', '11340.00', '430160.00', ' \r\n								', '77428.80', '30111.20', '2015-12-01 09:02:07', '2015-12-01 09:03:39', 0),
(22, 8, 21, 9, 'PP', 75, 0, 0, '0.00', 'RESIDETIAL', '1050000.00', '0.00', '0.00', '0.00', '0.00', '1402452.00', '1402452.00', '1402452.00', '0.00', '2804904.00', ' \r\n								', '336588.48', '84147.12', '2015-12-01 09:04:02', '2015-12-01 09:07:04', 0),
(23, 8, 22, 9, 'PP', 75, 0, 0, '8.00', 'RESIDETIAL', '1050000.00', '34400.00', '16.00', '84000.00', '168000.00', '657350.00', '859750.00', '859750.00', '10080.00', '1729580.00', ' \r\n								', '207549.60', '51887.40', '2015-12-01 09:07:07', '2015-12-01 09:09:10', 0),
(24, 8, 23, 9, 'PP', 75, 0, 0, '14.00', 'RESIDETIAL', '1050000.00', '3900.00', '28.00', '147000.00', '294000.00', '0.00', '297900.00', '297900.00', '17640.00', '613440.00', ' \r\n								', '92016.00', '30672.00', '2015-12-01 09:09:22', '2015-12-01 09:11:02', 0),
(25, 9, 24, 10, 'PP', 43, 0, 2, '15.00', 'RESIDETIAL', '1050000.00', '67620.00', '110.00', '577500.00', '1155000.00', '1926927.00', '3149547.00', '3149547.00', '69300.00', '6368394.00', ' \r\n								', '509471.52', '127367.88', '2015-12-01 09:43:14', '2015-12-01 09:50:14', 0),
(26, 10, 25, 11, 'PP', 76, 0, 0, '18.00', 'RESIDETIAL', '1050000.00', '23500.00', '46.00', '189000.00', '378000.00', '0.00', '401500.00', '401500.00', '22680.00', '825680.00', ' \r\n								', '123852.00', '41284.00', '2015-12-01 10:00:17', '2015-12-01 10:03:10', 0),
(27, 12, 1, 137, 'PP', 15, 0, 0, '19.00', 'RESIDETIAL', '1000000.00', '5000.00', '23.75', '190000.00', '380000.00', '445448.00', '830448.00', '830448.00', '22800.00', '1683696.00', ' \r\n								', '202043.52', '50510.88', '2015-12-01 10:02:35', '2015-12-01 10:05:48', 0),
(28, 10, 26, 11, 'PP', 76, 0, 0, '12.00', 'RESIDETIAL', '1050000.00', '22500.00', '24.00', '126000.00', '252000.00', '1057571.00', '1332071.00', '1332071.00', '15120.00', '2679262.00', ' \r\n								', '321511.44', '80377.86', '2015-12-01 10:03:39', '2015-12-01 10:06:01', 0),
(29, 10, 27, 11, 'PP', 76, 0, 0, '0.00', 'RESIDETIAL', '1050000.00', '0.00', '0.00', '0.00', '0.00', '1180987.00', '1180987.00', '1180987.00', '0.00', '2361974.00', ' \r\n								', '283436.88', '70859.22', '2015-12-01 10:06:06', '2015-12-01 10:08:10', 0),
(30, 10, 28, 11, 'PP', 76, 0, 0, '0.00', 'RESIDETIAL', '1050000.00', '0.00', '0.00', '0.00', '0.00', '669121.00', '669121.00', '669121.00', '0.00', '1338242.00', ' \r\n								', '200736.30', '66912.10', '2015-12-01 10:08:13', '2015-12-01 10:11:54', 0),
(31, 13, 2, 138, 'PP', 142, 0, 0, '3.75', 'RESIDETIAL', '1000000.00', '0.00', '4.69', '37500.00', '75000.00', '35263.00', '110263.00', '110263.00', '4500.00', '225026.00', ' \r\n								', '40504.68', '15751.82', '2015-12-01 10:08:24', '2015-12-01 12:01:25', 0),
(32, 10, 29, 11, 'PP', 76, 0, 0, '0.00', 'RESIDETIAL', '1050000.00', '0.00', '0.00', '0.00', '0.00', '14339.00', '14339.00', '14339.00', '0.00', '28678.00', ' \r\n								', '5162.04', '2007.46', '2015-12-01 10:12:00', '2015-12-01 10:13:38', 0),
(33, 10, 30, 11, 'PP', 76, 0, 0, '11.00', 'RESIDETIAL', '1050000.00', '19600.00', '22.00', '115500.00', '231000.00', '0.00', '250600.00', '250600.00', '13860.00', '515060.00', ' \r\n								', '77259.00', '25753.00', '2015-12-01 10:13:42', '2015-12-01 10:17:38', 0),
(34, 10, 31, 11, 'PP', 76, 0, 0, '0.00', 'RESIDETIAL', '1050000.00', '0.00', '0.00', '0.00', '0.00', '609592.00', '609592.00', '609592.00', '0.00', '1219184.00', ' \r\n								', '182877.60', '60959.20', '2015-12-01 10:17:46', '2015-12-01 10:19:31', 0),
(35, 11, 32, 13, 'PP', 105, 0, 0, '9.00', 'RESIDETIAL', '1050000.00', '41600.00', '18.00', '94500.00', '189000.00', '288890.00', '519490.00', '519490.00', '11340.00', '1050320.00', ' \r\n								', '157548.00', '52516.00', '2015-12-01 10:29:32', '2015-12-01 10:35:02', 0),
(36, 11, 33, 13, 'PP', 105, 0, 0, '6.00', 'RESIDETIAL', '1050000.00', '9200.00', '12.00', '63000.00', '126000.00', '222082.00', '357282.00', '357282.00', '7560.00', '722124.00', ' \r\n								', '108318.60', '36106.20', '2015-12-01 10:31:21', '2015-12-01 10:46:48', 0),
(37, 13, 3, 138, 'PP', 142, 0, 0, '3.75', 'RESIDETIAL', '1000000.00', '0.00', '4.69', '37500.00', '75000.00', '91513.00', '166513.00', '166513.00', '4500.00', '337526.00', ' \r\n								', '60754.68', '23626.82', '2015-12-01 10:33:40', '2015-12-01 10:36:30', 0),
(38, 11, 34, 13, 'PP', 105, 0, 0, '7.00', 'RESIDETIAL', '1050000.00', '16000.00', '14.00', '73500.00', '147000.00', '446866.00', '609866.00', '609866.00', '8820.00', '1228552.00', ' \r\n								', '184282.80', '61427.60', '2015-12-01 10:35:11', '2015-12-01 10:52:05', 0),
(39, 17, 1, 39, 'PP', 120, 0, 0, '19.00', 'Residential', '750000.00', '98500.00', '125.00', '142500.00', '285000.00', '0.00', '383500.00', '383500.00', '17100.00', '784100.00', ' \r\n								', '117615.00', '39205.00', '2015-12-01 10:47:18', '2015-12-01 10:57:56', 0),
(40, 11, 35, 13, 'PP', 105, 0, 0, '10.00', 'RESIDETIAL', '1050000.00', '12400.00', '20.00', '105000.00', '210000.00', '0.00', '222400.00', '222400.00', '12600.00', '457400.00', ' \r\n								', '82332.00', '32018.00', '2015-12-01 10:52:24', '2015-12-01 10:57:02', 0),
(41, 11, 36, 13, 'PP', 105, 0, 0, '0.00', 'RESIDETIAL', '1050000.00', '0.00', '0.00', '0.00', '0.00', '328222.00', '328222.00', '328222.00', '0.00', '656444.00', ' \r\n								', '98466.60', '32822.20', '2015-12-01 10:57:36', '2015-12-01 11:01:05', 0),
(42, 14, 4, 141, 'PP', 295, 0, 0, '2.00', 'RESIDETIAL', '1000000.00', '0.00', '2.50', '20000.00', '40000.00', '0.00', '40000.00', '40000.00', '2400.00', '82400.00', ' \r\n								', '14832.00', '5768.00', '2015-12-01 10:58:17', '2015-12-01 11:04:29', 0),
(43, 11, 37, 13, 'PP', 105, 0, 0, '0.00', 'RESIDETIAL', '1050000.00', '0.00', '0.00', '0.00', '0.00', '220819.00', '220819.00', '220819.00', '0.00', '441638.00', ' \r\n								', '79494.84', '30914.66', '2015-12-01 11:01:14', '2015-12-01 11:09:40', 0),
(44, 14, 5, 141, 'PP', 295, 0, 0, '9.50', 'RESIDETIAL', '1000000.00', '0.00', '11.88', '95000.00', '190000.00', '113678.00', '303678.00', '303678.00', '11400.00', '618756.00', ' \r\n								', '92813.40', '30937.80', '2015-12-01 11:04:38', '2015-12-01 11:19:43', 0),
(45, 11, 38, 13, 'PP', 105, 0, 0, '8.00', 'RESIDETIAL', '1050000.00', '34000.00', '16.00', '84000.00', '168000.00', '365772.00', '567772.00', '567772.00', '10080.00', '1145624.00', ' \r\n								', '171843.60', '57281.20', '2015-12-01 11:09:45', '2015-12-01 11:12:03', 0),
(46, 18, 2, 41, 'PP', 211, 0, 4, '18.00', 'Residential', '750000.00', '240015.00', '125.00', '735000.00', '1470000.00', '0.00', '1710015.00', '1710015.00', '88200.00', '3508230.00', ' \r\n								', '420987.60', '105246.90', '2015-12-01 11:12:27', '2015-12-01 11:14:10', 0),
(47, 19, 39, 14, 'PP', 1, 0, 0, '14.00', 'RESIDETIAL', '1050000.00', '28800.00', '28.00', '147000.00', '294000.00', '1229192.00', '1551992.00', '1551992.00', '17640.00', '3121624.00', ' \r\n								', '374594.88', '93648.72', '2015-12-01 11:15:02', '2015-12-01 11:17:58', 0),
(48, 19, 40, 14, 'PP', 1, 0, 0, '9.00', 'RESIDETIAL', '1050000.00', '11700.00', '18.00', '94500.00', '189000.00', '0.00', '200700.00', '200700.00', '11340.00', '412740.00', ' \r\n								', '74293.20', '28891.80', '2015-12-01 11:18:03', '2015-12-01 11:19:22', 0),
(49, 19, 41, 14, 'PP', 1, 0, 0, '11.00', 'RESIDETIAL', '1050000.00', '24500.00', '22.00', '115500.00', '231000.00', '775061.00', '1030561.00', '1030561.00', '13860.00', '2074982.00', ' \r\n								', '248997.84', '62249.46', '2015-12-01 11:19:30', '2015-12-01 11:21:19', 0),
(50, 14, 6, 141, 'PP', 295, 0, 0, '905.00', 'RESIDETIAL', '1000000.00', '40300.00', '11.88', '9050000.00', '18100000.00', '0.00', '18140300.00', '18140300.00', '1086000.00', '37366600.00', ' \r\n								', '1868330.00', '373666.00', '2015-12-01 11:19:58', '2015-12-01 11:22:35', 0),
(51, 20, 3, 42, 'PP', 114, 0, 4, '19.00', 'Residential', '750000.00', '564530.00', '125.00', '742500.00', '1485000.00', '0.00', '2049530.00', '2049530.00', '89100.00', '4188160.00', ' \r\n								', '502579.20', '125644.80', '2015-12-01 11:21:16', '2015-12-01 11:27:38', 0),
(52, 21, 42, 15, 'PP', 44, 0, 0, '5.00', 'RESIDETIAL', '1050000.00', '11700.00', '10.00', '52500.00', '105000.00', '0.00', '116700.00', '116700.00', '6300.00', '239700.00', ' \r\n								', '43146.00', '16779.00', '2015-12-01 11:28:39', '2015-12-01 11:30:02', 0),
(53, 22, 4, 43, 'PP', 207, 0, 1, '7.00', 'Residential', '750000.00', '10500.00', '125.00', '202500.00', '405000.00', '114529.00', '530029.00', '530029.00', '24300.00', '1084358.00', ' \r\n								', '162653.70', '54217.90', '2015-12-01 11:29:59', '2015-12-01 11:32:35', 0),
(54, 16, 7, 149, 'PP', 126, 0, 0, '6.50', 'RESIDETIAL', '1000000.00', '1000.00', '8.13', '65000.00', '130000.00', '0.00', '131000.00', '131000.00', '7800.00', '269800.00', ' \r\n								', '48564.00', '18886.00', '2015-12-01 11:30:04', '2015-12-01 11:46:26', 0),
(55, 21, 43, 15, 'PP', 44, 0, 0, '4.00', 'RESIDETIAL', '1050000.00', '0.00', '10.00', '42000.00', '84000.00', '0.00', '84000.00', '84000.00', '5040.00', '173040.00', ' \r\n								', '31147.20', '12112.80', '2015-12-01 11:30:06', '2015-12-01 11:35:31', 0),
(56, 16, 8, 0, '', 0, 0, 0, '0.00', '', '0.00', '0.00', '0.00', '0.00', '0.00', '0.00', '0.00', '0.00', '0.00', '0.00', '', '0.00', '0.00', '2015-12-01 11:32:21', '2015-12-01 11:32:21', 0),
(57, 23, 5, 46, 'PP', 197, 0, 2, '0.00', 'Residential', '750000.00', '33000.00', '125.00', '300000.00', '600000.00', '0.00', '633000.00', '633000.00', '36000.00', '1302000.00', ' \r\n								', '195300.00', '65100.00', '2015-12-01 11:37:40', '2015-12-01 11:40:49', 0),
(58, 24, 44, 16, 'PP', 77, 0, 1, '2.00', 'RESIDETIAL', '1050000.00', '80000.00', '44.00', '231000.00', '462000.00', '0.00', '542000.00', '542000.00', '27720.00', '1111720.00', ' \r\n								', '166758.00', '55586.00', '2015-12-01 11:42:48', '2015-12-01 11:47:25', 0),
(59, 25, 6, 217, 'PP', 28, 0, 1, '3.00', 'Residential', '750000.00', '39300.00', '125.00', '172500.00', '345000.00', '0.00', '384300.00', '384300.00', '20700.00', '789300.00', ' \r\n								', '118395.00', '39465.00', '2015-12-01 11:43:09', '2015-12-01 11:45:10', 0),
(61, 28, 45, 17, 'PP', 44, 0, 0, '3.00', 'RESIDETIAL', '1050000.00', '6200.00', '6.00', '31500.00', '63000.00', '0.00', '69200.00', '69200.00', '3780.00', '142180.00', ' \r\n								', '25592.40', '9952.60', '2015-12-01 11:54:50', '2015-12-01 11:56:51', 0),
(62, 26, 7, 218, 'PP', 14, 0, 1, '2.00', 'Residential', '750000.00', '36500.00', '125.00', '165000.00', '330000.00', '0.00', '366500.00', '366500.00', '19800.00', '752800.00', ' \r\n								', '112920.00', '37640.00', '2015-12-01 11:55:57', '2015-12-01 11:59:52', 0),
(63, 26, 8, 218, 'PP', 14, 0, 0, '15.00', 'Residential', '750000.00', '11100.00', '125.00', '112500.00', '225000.00', '0.00', '236100.00', '236100.00', '13500.00', '485700.00', ' \r\n								', '87426.00', '33999.00', '2015-12-01 12:00:48', '2015-12-01 12:05:36', 0),
(64, 29, 46, 18, 'PP', 27, 0, 0, '3.00', 'RESIDETIAL', '1050000.00', '3700.00', '6.00', '31500.00', '63000.00', '0.00', '66700.00', '66700.00', '3780.00', '137180.00', ' \r\n								', '24692.40', '9602.60', '2015-12-01 12:02:20', '2015-12-01 12:04:40', 0),
(65, 26, 9, 218, 'PP', 14, 0, 0, '11.00', 'Residential', '750000.00', '6000.00', '125.00', '82500.00', '165000.00', '0.00', '171000.00', '171000.00', '9900.00', '351900.00', ' \r\n								', '63342.00', '24633.00', '2015-12-01 12:10:29', '2015-12-01 12:13:45', 0),
(66, 26, 10, 218, 'PP', 14, 0, 1, '2.00', 'Residential', '750000.00', '0.00', '125.00', '165000.00', '330000.00', '0.00', '330000.00', '330000.00', '19800.00', '679800.00', ' \r\n								', '101970.00', '33990.00', '2015-12-01 12:14:07', '2015-12-01 12:15:55', 0),
(67, 26, 11, 218, 'PP', 14, 0, 0, '14.00', 'Residential', '750000.00', '30500.00', '125.00', '105000.00', '210000.00', '0.00', '240500.00', '240500.00', '12600.00', '493600.00', ' \r\n								', '88848.00', '34552.00', '2015-12-01 12:16:05', '2015-12-01 12:17:26', 0),
(68, 26, 12, 218, 'PP', 14, 0, 0, '18.00', 'Residential', '750000.00', '0.00', '125.00', '135000.00', '270000.00', '37097.00', '307097.00', '307097.00', '16200.00', '630394.00', ' \r\n								', '94559.10', '31519.70', '2015-12-01 12:17:46', '2015-12-01 12:18:56', 0),
(69, 27, 9, 151, 'PP', 5, 0, 0, '9.00', 'RESIDETIAL', '1000000.00', '11446.00', '11.25', '90000.00', '180000.00', '135000.00', '326446.00', '326446.00', '10800.00', '663692.00', ' \r\n								', '99553.80', '33184.60', '2015-12-01 12:20:00', '2015-12-01 12:22:40', 0),
(70, 31, 13, 224, 'PP', 68, 0, 0, '17.00', 'Residential', '750000.00', '8900.00', '125.00', '127500.00', '255000.00', '10.00', '263910.00', '263910.00', '15300.00', '543120.00', ' \r\n								', '81468.00', '27156.00', '2015-12-01 12:29:31', '2015-12-01 12:32:31', 0),
(71, 30, 47, 19, 'PP', 152, 0, 0, '7.00', 'RESIDETIAL', '1050000.00', '1200.00', '14.00', '73500.00', '147000.00', '904749.00', '1052949.00', '1052949.00', '8820.00', '2114718.00', ' \r\n								', '253766.16', '63441.54', '2015-12-01 12:33:56', '2015-12-01 12:37:57', 0),
(72, 31, 14, 224, 'PP', 68, 0, 0, '17.00', 'Residential', '750000.00', '8900.00', '125.00', '127500.00', '255000.00', '0.00', '263900.00', '263900.00', '15300.00', '543100.00', ' \r\n								', '81465.00', '27155.00', '2015-12-01 12:34:15', '2015-12-01 12:35:27', 0),
(73, 31, 15, 224, 'PP', 68, 0, 0, '14.00', 'Residential', '750000.00', '0.00', '125.00', '105000.00', '210000.00', '0.00', '210000.00', '210000.00', '12600.00', '432600.00', ' \r\n								', '77868.00', '30282.00', '2015-12-01 12:35:43', '2015-12-01 12:37:02', 0),
(74, 32, 10, 152, 'PP', 75, 0, 0, '10.00', 'RESIDETIAL', '1000000.00', '3000.00', '12.50', '100000.00', '200000.00', '0.00', '203000.00', '203000.00', '12000.00', '418000.00', ' \r\n								', '75240.00', '29260.00', '2015-12-01 12:37:12', '2015-12-01 12:51:14', 0),
(75, 31, 16, 224, 'PP', 68, 0, 0, '19.00', 'Residential', '750000.00', '0.00', '125.00', '142500.00', '285000.00', '0.00', '285000.00', '285000.00', '17100.00', '587100.00', ' \r\n								', '88065.00', '29355.00', '2015-12-01 12:37:47', '2015-12-01 12:39:05', 0),
(76, 30, 48, 19, 'PP', 152, 0, 0, '0.00', 'RESIDETIAL', '1050000.00', '0.00', '0.00', '0.00', '0.00', '0.00', '0.00', '0.00', '0.00', '0.00', ' \r\n								', '0.00', '0.00', '2015-12-01 12:38:45', '2015-12-01 12:40:49', 0),
(77, 30, 49, 19, 'PP', 152, 0, 0, '15.00', 'RESIDETIAL', '1050000.00', '7000.00', '30.00', '157500.00', '315000.00', '543495.00', '865495.00', '865495.00', '18900.00', '1749890.00', ' \r\n								', '209986.80', '52496.70', '2015-12-01 12:40:54', '2015-12-01 12:46:56', 0),
(78, 33, 17, 240, 'PP', 25, 0, 1, '18.00', 'Residential', '750000.00', '102000.00', '125.00', '285000.00', '570000.00', '0.00', '672000.00', '672000.00', '34200.00', '1378200.00', ' \r\n								', '206730.00', '68910.00', '2015-12-01 12:41:48', '2015-12-01 12:43:11', 0),
(79, 34, 18, 323, 'PP', 87, 0, 2, '0.00', 'Residential', '750000.00', '14000.00', '125.00', '300000.00', '600000.00', '0.00', '614000.00', '614000.00', '36000.00', '1264000.00', ' \r\n								', '189600.00', '63200.00', '2015-12-01 12:44:39', '2015-12-01 12:45:42', 0),
(80, 30, 50, 19, 'PP', 152, 0, 0, '7.00', 'RESIDETIAL', '1050000.00', '8200.00', '14.00', '73500.00', '147000.00', '351205.00', '506405.00', '506405.00', '8820.00', '1021630.00', ' \r\n								', '153244.50', '51081.50', '2015-12-01 12:47:29', '2015-12-01 12:49:09', 0),
(81, 35, 19, 463, 'PP', 243, 0, 0, '19.00', 'Residential', '750000.00', '18000.00', '125.00', '142500.00', '285000.00', '0.00', '303000.00', '303000.00', '17100.00', '623100.00', ' \r\n								', '93465.00', '31155.00', '2015-12-01 12:48:46', '2015-12-01 12:49:50', 0),
(82, 35, 20, 463, 'PP', 243, 0, 0, '19.00', 'Residential', '750000.00', '30000.00', '125.00', '142500.00', '285000.00', '0.00', '315000.00', '315000.00', '17100.00', '647100.00', ' \r\n								', '97065.00', '32355.00', '2015-12-01 12:50:07', '2015-12-01 12:50:57', 0),
(83, 36, 51, 20, 'PP', 78, 0, 1, '6.00', 'RESIDETIAL', '1050000.00', '83000.00', '52.00', '273000.00', '546000.00', '0.00', '629000.00', '629000.00', '32760.00', '1290760.00', ' \r\n								', '193614.00', '64538.00', '2015-12-01 12:50:45', '2015-12-01 12:53:07', 0),
(84, 39, 52, 21, 'PP', 45, 0, 2, '5.00', 'RESIDETIAL', '1050000.00', '64200.00', '90.00', '472500.00', '945000.00', '0.00', '1009200.00', '1009200.00', '56700.00', '2075100.00', ' \r\n								', '249012.00', '62253.00', '2015-12-01 12:57:24', '2015-12-01 12:58:46', 0),
(85, 38, 11, 155, 'PP', 215, 0, 0, '9.00', 'RESIDETIAL', '1000000.00', '3750.00', '11.25', '90000.00', '180000.00', '0.00', '183750.00', '183750.00', '10800.00', '378300.00', ' \r\n								', '68094.00', '26481.00', '2015-12-01 12:57:49', '2015-12-01 13:01:29', 0),
(86, 37, 21, 466, 'PP', 239, 0, 0, '12.00', 'Residential', '750000.00', '24500.00', '125.00', '90000.00', '180000.00', '0.00', '204500.00', '204500.00', '10800.00', '419800.00', ' \r\n								', '75564.00', '29386.00', '2015-12-01 12:58:11', '2015-12-01 12:59:30', 0),
(87, 39, 53, 21, 'PP', 45, 0, 0, '0.00', 'RESIDETIAL', '1050000.00', '0.00', '0.00', '0.00', '0.00', '1389364.00', '1389364.00', '1389364.00', '0.00', '2778728.00', ' \r\n								', '333447.36', '83361.84', '2015-12-01 12:58:48', '2015-12-01 13:00:52', 0),
(88, 37, 22, 466, 'PP', 239, 0, 0, '12.00', 'Residential', '750000.00', '3000.00', '125.00', '90000.00', '180000.00', '0.00', '183000.00', '183000.00', '10800.00', '376800.00', ' \r\n								', '67824.00', '26376.00', '2015-12-01 13:00:28', '2015-12-01 13:01:35', 0),
(89, 39, 54, 21, 'PP', 45, 0, 0, '0.00', 'RESIDETIAL', '1050000.00', '0.00', '0.00', '0.00', '0.00', '622472.00', '622472.00', '622472.00', '0.00', '1244944.00', ' \r\n								', '186741.60', '62247.20', '2015-12-01 13:00:54', '2015-12-01 13:03:06', 0),
(90, 37, 23, 466, 'PP', 239, 0, 0, '12.00', 'Residential', '750000.00', '0.00', '125.00', '90000.00', '180000.00', '0.00', '180000.00', '180000.00', '10800.00', '370800.00', ' \r\n								', '66744.00', '25956.00', '2015-12-01 13:01:38', '2015-12-01 13:04:32', 0),
(91, 37, 24, 466, 'PP', 239, 0, 0, '0.00', 'Residential', '750000.00', '0.00', '125.00', '0.00', '0.00', '3.00', '3.00', '3.00', '0.00', '6.00', ' \r\n								', '1.08', '0.42', '2015-12-01 13:04:57', '2015-12-01 13:06:11', 0),
(92, 41, 55, 22, 'PP', 77, 0, 0, '6.00', 'RESIDETIAL', '1050000.00', '600.00', '12.00', '63000.00', '126000.00', '28818.00', '155418.00', '155418.00', '7560.00', '318396.00', ' \r\n								', '57311.28', '22287.72', '2015-12-01 13:06:58', '2015-12-01 13:11:29', 0),
(93, 42, 25, 523, 'AP', 7, 0, 0, '4.00', 'Residential', '750000.00', '8500.00', '125.00', '30000.00', '60000.00', '0.00', '68500.00', '68500.00', '3600.00', '140600.00', ' \r\n								', '25308.00', '9842.00', '2015-12-01 13:10:47', '2015-12-01 13:15:11', 0),
(94, 41, 56, 22, 'PP', 77, 0, 0, '6.00', 'RESIDETIAL', '1050000.00', '0.00', '12.00', '63000.00', '126000.00', '0.00', '126000.00', '126000.00', '7560.00', '259560.00', ' \r\n								', '46720.80', '18169.20', '2015-12-01 13:10:56', '2015-12-01 13:16:21', 0),
(95, 43, 26, 537, 'PP', 249, 0, 0, '17.00', 'Residential', '750000.00', '20000.00', '125.00', '127500.00', '255000.00', '0.00', '275000.00', '275000.00', '15300.00', '565300.00', ' \r\n								', '84795.00', '28265.00', '2015-12-01 13:18:19', '2015-12-01 13:20:43', 0),
(96, 40, 12, 0, '', 0, 0, 0, '0.00', '', '0.00', '0.00', '0.00', '0.00', '0.00', '0.00', '0.00', '0.00', '0.00', '0.00', '', '0.00', '0.00', '2015-12-01 13:20:32', '2015-12-01 13:20:32', 0),
(97, 44, 57, 23, 'PP', 44, 0, 0, '6.00', 'RESIDETIAL', '1050000.00', '3500.00', '12.00', '63000.00', '126000.00', '0.00', '129500.00', '129500.00', '7560.00', '266560.00', ' \r\n								', '47980.80', '18659.20', '2015-12-01 13:20:44', '2015-12-01 13:22:21', 0),
(98, 45, 27, 459, 'AP', 3, 0, 1, '10.00', 'Residential', '750000.00', '0.00', '0.00', '225000.00', '450000.00', '0.00', '450000.00', '450000.00', '27000.00', '927000.00', ' \r\n								', '139050.00', '46350.00', '2015-12-01 13:22:17', '2015-12-01 13:23:47', 0),
(99, 44, 58, 23, 'PP', 44, 0, 0, '6.00', 'RESIDETIAL', '1050000.00', '0.00', '12.00', '63000.00', '126000.00', '0.00', '126000.00', '126000.00', '7560.00', '259560.00', ' \r\n								', '46720.80', '18169.20', '2015-12-01 13:23:00', '2015-12-01 13:24:34', 0),
(100, 46, 28, 509, 'AP', 6, 0, 1, '5.00', 'Residential', '750000.00', '24500.00', '125.00', '187500.00', '375000.00', '0.00', '399500.00', '399500.00', '22500.00', '821500.00', ' \r\n								', '123225.00', '41075.00', '2015-12-01 13:25:26', '2015-12-01 13:26:40', 0);

-- --------------------------------------------------------

--
-- Table structure for table `circles`
--

CREATE TABLE IF NOT EXISTS `circles` (
  `id` int(11) NOT NULL AUTO_INCREMENT,
  `subdiv_id` int(11) NOT NULL,
  `name` varchar(30) COLLATE utf8_unicode_ci NOT NULL,
  `name_local` varchar(50) COLLATE utf8_unicode_ci NOT NULL,
  `created_at` timestamp NOT NULL,
  `updated_at` timestamp NOT NULL,
  PRIMARY KEY (`id`)
) ENGINE=InnoDB  DEFAULT CHARSET=utf8 COLLATE=utf8_unicode_ci AUTO_INCREMENT=4 ;

--
-- Dumping data for table `circles`
--

INSERT INTO `circles` (`id`, `subdiv_id`, `name`, `name_local`, `created_at`, `updated_at`) VALUES
(1, 1, 'Sadar', '', '2015-12-01 06:21:30', '2015-12-01 06:21:30'),
(2, 1, 'Samaguri', '', '2015-12-01 06:21:49', '2015-12-01 06:21:49'),
(3, 2, 'Samaguri (K)', '', '2015-12-01 06:40:19', '2015-12-01 06:40:19');

-- --------------------------------------------------------

--
-- Table structure for table `details`
--

CREATE TABLE IF NOT EXISTS `details` (
  `id` int(11) NOT NULL AUTO_INCREMENT,
  `village_id` int(11) NOT NULL,
  `sl` int(11) NOT NULL,
  `created_at` timestamp NOT NULL,
  `updated_at` timestamp NOT NULL,
  PRIMARY KEY (`id`)
) ENGINE=InnoDB  DEFAULT CHARSET=utf8 COLLATE=utf8_unicode_ci AUTO_INCREMENT=49 ;

--
-- Dumping data for table `details`
--

INSERT INTO `details` (`id`, `village_id`, `sl`, `created_at`, `updated_at`) VALUES
(2, 5, 1, '2015-12-01 07:13:55', '2015-12-01 07:13:55'),
(3, 5, 2, '2015-12-01 07:30:19', '2015-12-01 07:30:19'),
(4, 5, 3, '2015-12-01 08:02:30', '2015-12-01 08:02:30'),
(5, 5, 4, '2015-12-01 08:08:19', '2015-12-01 08:08:19'),
(6, 5, 5, '2015-12-01 08:26:54', '2015-12-01 08:26:54'),
(7, 5, 6, '2015-12-01 08:31:52', '2015-12-01 08:31:52'),
(8, 5, 7, '2015-12-01 08:51:10', '2015-12-01 08:51:10'),
(9, 5, 8, '2015-12-01 09:11:50', '2015-12-01 09:11:50'),
(10, 5, 9, '2015-12-01 09:50:40', '2015-12-01 09:50:40'),
(11, 5, 10, '2015-12-01 09:51:09', '2015-12-01 09:51:09'),
(12, 1, 1, '2015-12-01 10:00:24', '2015-12-01 10:00:24'),
(13, 1, 2, '2015-12-01 10:06:02', '2015-12-01 10:06:02'),
(14, 1, 3, '2015-12-01 10:23:02', '2015-12-01 10:23:02'),
(16, 1, 4, '2015-12-01 10:37:01', '2015-12-01 10:37:01'),
(17, 22, 1, '2015-12-01 10:44:43', '2015-12-01 10:44:43'),
(18, 22, 2, '2015-12-01 10:58:23', '2015-12-01 10:58:23'),
(19, 5, 11, '2015-12-01 11:13:08', '2015-12-01 11:13:08'),
(20, 22, 3, '2015-12-01 11:14:27', '2015-12-01 11:14:27'),
(21, 5, 12, '2015-12-01 11:22:34', '2015-12-01 11:22:34'),
(22, 22, 4, '2015-12-01 11:28:01', '2015-12-01 11:28:01'),
(23, 22, 5, '2015-12-01 11:32:56', '2015-12-01 11:32:56'),
(24, 5, 13, '2015-12-01 11:35:50', '2015-12-01 11:35:50'),
(25, 22, 6, '2015-12-01 11:41:23', '2015-12-01 11:41:23'),
(26, 22, 7, '2015-12-01 11:45:20', '2015-12-01 11:45:20'),
(27, 1, 5, '2015-12-01 11:47:24', '2015-12-01 11:47:24'),
(28, 5, 14, '2015-12-01 11:51:14', '2015-12-01 11:51:14'),
(29, 5, 15, '2015-12-01 11:57:20', '2015-12-01 11:57:20'),
(30, 5, 16, '2015-12-01 12:10:54', '2015-12-01 12:10:54'),
(31, 22, 8, '2015-12-01 12:20:45', '2015-12-01 12:20:45'),
(32, 1, 6, '2015-12-01 12:23:41', '2015-12-01 12:23:41'),
(33, 22, 9, '2015-12-01 12:39:56', '2015-12-01 12:39:56'),
(34, 22, 10, '2015-12-01 12:43:33', '2015-12-01 12:43:33'),
(35, 22, 11, '2015-12-01 12:46:29', '2015-12-01 12:46:29'),
(36, 5, 17, '2015-12-01 12:49:46', '2015-12-01 12:49:46'),
(37, 22, 12, '2015-12-01 12:51:19', '2015-12-01 12:51:19'),
(38, 1, 7, '2015-12-01 12:52:10', '2015-12-01 12:52:10'),
(39, 5, 18, '2015-12-01 12:53:30', '2015-12-01 12:53:30'),
(40, 1, 8, '2015-12-01 13:03:02', '2015-12-01 13:03:02'),
(41, 5, 19, '2015-12-01 13:03:23', '2015-12-01 13:03:23'),
(42, 22, 13, '2015-12-01 13:06:31', '2015-12-01 13:06:31'),
(43, 22, 14, '2015-12-01 13:16:31', '2015-12-01 13:16:31'),
(44, 5, 20, '2015-12-01 13:16:37', '2015-12-01 13:16:37'),
(45, 22, 15, '2015-12-01 13:20:54', '2015-12-01 13:20:54'),
(46, 22, 16, '2015-12-01 13:24:13', '2015-12-01 13:24:13'),
(47, 5, 21, '2015-12-01 13:25:13', '2015-12-01 13:25:13'),
(48, 22, 17, '2015-12-01 13:26:49', '2015-12-01 13:26:49');

-- --------------------------------------------------------

--
-- Table structure for table `districts`
--

CREATE TABLE IF NOT EXISTS `districts` (
  `id` int(11) NOT NULL AUTO_INCREMENT,
  `name` varchar(30) COLLATE utf8_unicode_ci NOT NULL,
  `name_local` varchar(50) COLLATE utf8_unicode_ci DEFAULT NULL,
  `created_at` timestamp NULL DEFAULT NULL,
  `updated_at` int(11) DEFAULT NULL,
  PRIMARY KEY (`id`)
) ENGINE=InnoDB  DEFAULT CHARSET=utf8 COLLATE=utf8_unicode_ci AUTO_INCREMENT=2 ;

--
-- Dumping data for table `districts`
--

INSERT INTO `districts` (`id`, `name`, `name_local`, `created_at`, `updated_at`) VALUES
(1, 'Nagaon', '', '2015-12-01 06:10:47', 2015);

-- --------------------------------------------------------

--
-- Table structure for table `lots`
--

CREATE TABLE IF NOT EXISTS `lots` (
  `id` int(11) NOT NULL AUTO_INCREMENT,
  `mouza_id` int(11) NOT NULL,
  `name` varchar(30) COLLATE utf8_unicode_ci NOT NULL,
  `name_local` varchar(50) COLLATE utf8_unicode_ci NOT NULL,
  `created_at` timestamp NOT NULL,
  `updated_at` timestamp NOT NULL,
  PRIMARY KEY (`id`)
) ENGINE=InnoDB  DEFAULT CHARSET=utf8 COLLATE=utf8_unicode_ci AUTO_INCREMENT=8 ;

--
-- Dumping data for table `lots`
--

INSERT INTO `lots` (`id`, `mouza_id`, `name`, `name_local`, `created_at`, `updated_at`) VALUES
(1, 1, 'NO LOT', '', '2015-12-01 06:23:12', '2015-12-01 06:23:12'),
(2, 2, 'NO LOT', '', '2015-12-01 06:41:14', '2015-12-01 06:41:14'),
(3, 3, 'NO LOT', '', '2015-12-01 06:46:59', '2015-12-01 06:46:59'),
(4, 4, 'NO LOT', '', '2015-12-01 06:59:23', '2015-12-01 06:59:23'),
(5, 5, 'No Lot', '', '2015-12-01 09:57:10', '2015-12-01 09:57:10'),
(6, 6, 'No Lot', '', '2015-12-01 10:30:42', '2015-12-01 10:30:42'),
(7, 7, 'No Lot', '', '2015-12-01 10:32:56', '2015-12-01 10:32:56');

-- --------------------------------------------------------

--
-- Table structure for table `mouzas`
--

CREATE TABLE IF NOT EXISTS `mouzas` (
  `id` int(11) NOT NULL AUTO_INCREMENT,
  `circle_id` int(11) NOT NULL,
  `name` varchar(30) COLLATE utf8_unicode_ci NOT NULL,
  `name_local` varchar(50) COLLATE utf8_unicode_ci NOT NULL,
  `created_at` timestamp NOT NULL,
  `updated_at` timestamp NOT NULL,
  PRIMARY KEY (`id`)
) ENGINE=InnoDB  DEFAULT CHARSET=utf8 COLLATE=utf8_unicode_ci AUTO_INCREMENT=8 ;

--
-- Dumping data for table `mouzas`
--

INSERT INTO `mouzas` (`id`, `circle_id`, `name`, `name_local`, `created_at`, `updated_at`) VALUES
(1, 1, 'Singiaputoni', '', '2015-12-01 06:22:32', '2015-12-01 06:22:32'),
(2, 3, 'Chalchali', '', '2015-12-01 06:40:53', '2015-12-01 06:40:53'),
(3, 3, 'Bheleuguri', '', '2015-12-01 06:46:45', '2015-12-01 06:46:45'),
(4, 3, 'Rangagara', '', '2015-12-01 06:59:08', '2015-12-01 06:59:08'),
(5, 3, 'Borbhogia', '', '2015-12-01 09:56:55', '2015-12-01 09:56:55'),
(6, 3, 'Chatial', '', '2015-12-01 10:29:55', '2015-12-01 10:29:55'),
(7, 3, 'Pubthoria', '', '2015-12-01 10:32:35', '2015-12-01 10:32:35');

-- --------------------------------------------------------

--
-- Table structure for table `pattadars`
--

CREATE TABLE IF NOT EXISTS `pattadars` (
  `id` int(11) NOT NULL AUTO_INCREMENT,
  `detail_id` int(11) NOT NULL,
  `sl` int(11) NOT NULL,
  `name` varchar(100) COLLATE utf8_unicode_ci NOT NULL,
  `relation` enum('S/o','D/o','W/o','') COLLATE utf8_unicode_ci NOT NULL DEFAULT 'S/o',
  `gurdian` varchar(50) COLLATE utf8_unicode_ci NOT NULL,
  `created_at` timestamp NOT NULL,
  `updated_at` timestamp NOT NULL,
  PRIMARY KEY (`id`)
) ENGINE=InnoDB  DEFAULT CHARSET=utf8 COLLATE=utf8_unicode_ci AUTO_INCREMENT=246 ;

--
-- Dumping data for table `pattadars`
--

INSERT INTO `pattadars` (`id`, `detail_id`, `sl`, `name`, `relation`, `gurdian`, `created_at`, `updated_at`) VALUES
(2, 2, 1, 'Kalai Kuch', 'S/o', 'Birah', '2015-12-01 07:15:27', '2015-12-01 07:15:27'),
(3, 2, 2, 'Hurai Kuch', 'S/o', 'Tabez', '2015-12-01 07:16:05', '2015-12-01 07:16:05'),
(4, 2, 3, 'Gelaram', 'S/o', 'Gujar', '2015-12-01 07:16:41', '2015-12-01 07:16:41'),
(5, 2, 4, 'Tariki Kuchani', 'D/o', 'Gujar Gayan', '2015-12-01 07:17:47', '2015-12-01 07:19:31'),
(6, 2, 5, 'Kalpana Gayan', 'D/o', 'Gujar Gayan', '2015-12-01 07:18:50', '2015-12-01 07:18:50'),
(7, 3, 1, 'Mahammad Hussain', 'S/o', 'Amir Hussain', '2015-12-01 07:31:36', '2015-12-01 07:31:36'),
(8, 3, 2, 'Gafur Hussain', 'S/o', 'Amir Hussain', '2015-12-01 07:32:14', '2015-12-01 07:32:14'),
(9, 3, 3, 'Tajul Hussain', 'S/o', 'Amir Hussain', '2015-12-01 07:32:43', '2015-12-01 07:32:43'),
(10, 3, 4, 'Fiznur Ali', 'S/o', 'Mahibul Hussain', '2015-12-01 07:34:04', '2015-12-01 07:34:04'),
(11, 3, 5, 'Sultana Begum', 'D/o', 'Mahibul Hussain', '2015-12-01 07:34:47', '2015-12-01 07:34:47'),
(12, 3, 6, 'Sayada Begam', 'W/o', 'Mahibul Hussain', '2015-12-01 07:35:37', '2015-12-01 07:35:37'),
(13, 4, 1, 'Najamul Haque', 'S/o', 'Majamal', '2015-12-01 08:04:41', '2015-12-01 08:04:41'),
(14, 5, 1, 'Raujal Haque', 'S/o', 'Jainaddin', '2015-12-01 08:10:00', '2015-12-01 08:10:00'),
(15, 5, 2, 'Aijal Haque', 'S/o', 'Jainaddin', '2015-12-01 08:10:59', '2015-12-01 08:10:59'),
(16, 5, 3, 'Faijal Haque', 'S/o', 'Jainaddin', '2015-12-01 08:11:21', '2015-12-01 08:11:21'),
(17, 5, 4, 'Maujul Haque', 'S/o', 'Jainaddin', '2015-12-01 08:11:42', '2015-12-01 08:11:42'),
(18, 5, 5, 'Alijul Haque', 'S/o', 'Jainaddin', '2015-12-01 08:12:15', '2015-12-01 08:12:15'),
(19, 6, 1, 'Abdul Munnaf', 'S/o', 'Samsuddin', '2015-12-01 08:27:44', '2015-12-01 08:27:44'),
(20, 6, 2, 'Abdul Minar', 'S/o', 'Samsuddin', '2015-12-01 08:28:07', '2015-12-01 08:28:07'),
(21, 7, 1, 'Marjina Khatun', 'W/o', 'Abdul Mannaf', '2015-12-01 08:33:32', '2015-12-01 08:33:32'),
(22, 7, 2, 'Rabiya Begam', 'W/o', 'Nijaul Haque', '2015-12-01 08:34:32', '2015-12-01 08:34:32'),
(23, 8, 1, 'Md Serajul Islam', 'S/o', 'Akbar Ali', '2015-12-01 08:52:09', '2015-12-01 08:52:09'),
(24, 8, 2, 'Tasaur Rahman', 'S/o', 'Seidur Rahaman', '2015-12-01 08:52:49', '2015-12-01 08:52:49'),
(25, 8, 3, 'Asfarur Rahman', 'S/o', 'Seidur Rahman', '2015-12-01 08:54:01', '2015-12-01 08:54:01'),
(26, 8, 4, 'Atikul Hussain', 'S/o', 'Abed Hussain', '2015-12-01 08:54:35', '2015-12-01 08:54:35'),
(27, 8, 5, 'Afiful Hussain', 'S/o', 'Abed Hussain', '2015-12-01 08:54:59', '2015-12-01 08:54:59'),
(28, 8, 6, 'Edul Haque', 'S/o', 'Iyar Hussain', '2015-12-01 08:55:47', '2015-12-01 08:55:47'),
(29, 8, 7, 'Sahjidur Rahman', 'S/o', 'Sajad', '2015-12-01 08:56:25', '2015-12-01 08:56:25'),
(30, 8, 8, 'Abedur Rahman', 'S/o', 'Sajad', '2015-12-01 08:56:46', '2015-12-01 08:56:46'),
(31, 8, 9, 'Akhtara Hussain', 'S/o', 'Sajad', '2015-12-01 08:57:20', '2015-12-01 08:57:20'),
(32, 8, 10, 'Mussadik Hussain', 'S/o', 'Sajad', '2015-12-01 08:57:42', '2015-12-01 08:57:42'),
(33, 8, 11, 'Sariful Hussain', 'S/o', 'Basefa', '2015-12-01 08:58:13', '2015-12-01 08:58:13'),
(34, 8, 12, 'Jusnara Begum', 'W/o', 'Basefa', '2015-12-01 08:58:35', '2015-12-01 08:58:35'),
(35, 9, 8, 'Hanifa Begum', 'D/o', 'Hamidul Haque', '2015-12-01 09:38:49', '2015-12-01 09:38:49'),
(36, 9, 9, 'Alamru Begum', 'D/o', 'Hamidul Haque', '2015-12-01 09:39:24', '2015-12-01 09:39:24'),
(37, 9, 10, 'Moina Begum', 'D/o', 'Hamidul Haque', '2015-12-01 09:40:11', '2015-12-01 09:40:11'),
(38, 9, 11, 'Anjiyara begum', 'D/o', 'Hamidul Haque', '2015-12-01 09:40:53', '2015-12-01 09:40:53'),
(39, 9, 12, 'Ajira begum', 'W/o', 'Kaji Aibul Haque', '2015-12-01 09:41:38', '2015-12-01 09:41:38'),
(40, 9, 13, 'Afrid Haque', 'S/o', 'Kaji Aibul Haque', '2015-12-01 09:42:21', '2015-12-01 09:42:21'),
(41, 9, 14, 'Parbin Afruja', 'D/o', 'Kaji Aibul Haque', '2015-12-01 09:42:48', '2015-12-01 09:42:48'),
(42, 10, 1, 'Selim', 'S/o', 'Babuli', '2015-12-01 09:53:18', '2015-12-01 09:53:18'),
(43, 10, 2, 'Hasen', 'S/o', 'Babuli', '2015-12-01 09:53:38', '2015-12-01 09:53:38'),
(44, 10, 3, 'Irfan', 'S/o', 'Babuli', '2015-12-01 09:54:13', '2015-12-01 09:54:13'),
(45, 10, 4, 'Moni', 'S/o', 'Tajuram', '2015-12-01 09:54:50', '2015-12-01 09:54:50'),
(46, 10, 5, 'Bhula', 'S/o', 'Tajuram', '2015-12-01 09:55:28', '2015-12-01 09:55:28'),
(47, 10, 6, 'Misle Uddin', 'S/o', 'Tajuram', '2015-12-01 09:55:55', '2015-12-01 09:55:55'),
(48, 10, 7, 'Masafaddin', 'S/o', 'Tajuram', '2015-12-01 09:56:25', '2015-12-01 09:56:25'),
(49, 10, 8, 'Nurul Haque', 'S/o', 'Tajuram', '2015-12-01 09:56:51', '2015-12-01 09:56:51'),
(50, 10, 9, 'Mobin Ali', 'S/o', 'Babuli', '2015-12-01 09:57:28', '2015-12-01 09:57:28'),
(51, 10, 10, 'Kusar Ali', 'S/o', 'Babuli', '2015-12-01 09:58:10', '2015-12-01 09:58:10'),
(52, 10, 11, 'Abdul Ali', 'S/o', 'Majnur Ali', '2015-12-01 09:58:49', '2015-12-01 09:58:49'),
(53, 10, 12, 'Mofij Ali', 'S/o', 'Majnur Ali', '2015-12-01 09:59:24', '2015-12-01 09:59:24'),
(54, 10, 13, 'Mofibul Ali', 'S/o', 'Majnur Ali', '2015-12-01 09:59:57', '2015-12-01 09:59:57'),
(55, 12, 1, 'Gubin Ch Sarmah', 'S/o', 'Lt. Nandiram', '2015-12-01 10:01:35', '2015-12-01 10:01:35'),
(56, 13, 1, 'Nikamul satradhikar', 'S/o', '', '2015-12-01 10:07:46', '2015-12-01 10:38:13'),
(57, 11, 1, 'Ruson Jamal', 'S/o', 'Islam Kha', '2015-12-01 10:20:37', '2015-12-01 10:20:37'),
(58, 11, 2, 'Asaharuddin', 'S/o', 'Serauddin', '2015-12-01 10:21:34', '2015-12-01 10:21:34'),
(59, 11, 3, 'Jesimuddin', 'S/o', 'Serauddin', '2015-12-01 10:22:12', '2015-12-01 10:22:12'),
(60, 11, 4, 'Ajijur Rahman', 'S/o', 'Alifar Rahman', '2015-12-01 10:23:16', '2015-12-01 10:23:16'),
(61, 11, 5, 'Phukan Ali', 'S/o', 'Alifar Rahman', '2015-12-01 10:23:58', '2015-12-01 10:23:58'),
(62, 11, 6, 'Sunnat Jaman', 'S/o', 'Sunnat', '2015-12-01 10:25:01', '2015-12-01 10:25:01'),
(63, 11, 7, 'Badiuz Jaman', 'S/o', 'Sunnat', '2015-12-01 10:25:38', '2015-12-01 10:25:38'),
(64, 11, 8, 'Iyakub Ali', 'S/o', 'Sunnat', '2015-12-01 10:26:25', '2015-12-01 10:26:25'),
(65, 11, 9, 'Morjina Khatun', 'D/o', 'Sunnat', '2015-12-01 10:27:23', '2015-12-01 10:27:23'),
(66, 11, 10, 'Bibiya Khatun', 'D/o', 'Sunnat', '2015-12-01 10:27:47', '2015-12-01 10:27:47'),
(67, 11, 11, 'Safir Uddin', 'S/o', 'Abdul Karim', '2015-12-01 10:28:24', '2015-12-01 10:28:24'),
(68, 11, 12, 'Husnayar Begum', 'W/o', 'Safir Uddin', '2015-12-01 10:29:14', '2015-12-01 10:29:14'),
(69, 15, 1, 'Badiuz Jaman', 'S/o', 'Sunnat Ali', '2015-12-01 10:31:00', '2015-12-01 10:31:00'),
(70, 14, 1, 'Lakhi Pr. baruah', 'S/o', 'Lt. Manuram', '2015-12-01 10:41:07', '2015-12-01 10:41:07'),
(71, 14, 2, 'Bapukan Hazarika', 'S/o', 'Bhadrakanta', '2015-12-01 10:42:06', '2015-12-01 10:42:06'),
(72, 14, 3, 'Ratneswar Baruah', 'S/o', 'Lt. Liladhar', '2015-12-01 10:43:12', '2015-12-01 10:43:12'),
(73, 17, 1, 'Sri Gunindra Kumar Bordoloi', 'S/o', 'Iswadhar', '2015-12-01 10:45:47', '2015-12-01 10:45:47'),
(74, 17, 2, 'Sri Dipranjan Bordoloi', 'S/o', 'Late Rasheswar Bordoloi', '2015-12-01 10:46:33', '2015-12-01 10:46:33'),
(75, 17, 3, 'Sri Dullal Bordoloi', 'S/o', 'Late Rasheswar Bordoloi', '2015-12-01 10:47:02', '2015-12-01 10:47:02'),
(76, 17, 4, 'Sri Amrit Bordoloi', 'S/o', 'Late Rasheswar Bordoloi', '2015-12-01 10:48:03', '2015-12-01 10:48:03'),
(77, 17, 5, 'Sri Hareswar Bordoloi', 'S/o', 'Late Rasheswar Bordoloi', '2015-12-01 10:48:33', '2015-12-01 10:48:33'),
(78, 14, 4, 'Nandeswar Baruah M/G (Mother) Lilimai', 'W/o', 'Liladha', '2015-12-01 10:50:26', '2015-12-01 10:50:26'),
(79, 14, 5, 'Dilip Kr. Baruah', 'S/o', '', '2015-12-01 10:53:04', '2015-12-01 10:53:04'),
(80, 14, 6, 'Deep Kr Baruah M/G (Elder Brother) Ratneswar Baruah', 'S/o', '', '2015-12-01 10:54:50', '2015-12-01 10:55:15'),
(81, 14, 7, 'President of Urigaon Panchayat', 'S/o', '', '2015-12-01 10:56:06', '2015-12-01 10:56:06'),
(82, 14, 8, 'Sri Narayan Hazarika', 'S/o', 'Lt. padram', '2015-12-01 10:57:10', '2015-12-01 10:57:10'),
(83, 14, 9, 'Mrinali Saikia', 'W/o', 'Sri Kushram Saikia', '2015-12-01 10:58:00', '2015-12-01 10:58:00'),
(84, 18, 1, 'Sri Mukut Ch. Mahanta', 'S/o', 'Late Bangsidhar Mahanta', '2015-12-01 10:59:26', '2015-12-01 11:04:44'),
(85, 18, 2, 'Sri Mukul Mahanta', 'S/o', 'Late Bangsidhar Mahanta', '2015-12-01 10:59:48', '2015-12-01 11:04:57'),
(86, 18, 3, 'Sri Keshab Mahanta', 'S/o', 'Late Bangsidhar Mahanta', '2015-12-01 11:00:09', '2015-12-01 11:05:06'),
(87, 18, 4, 'Sri Gautam Mahanta', 'S/o', 'Late Bangsidhar Mahanta', '2015-12-01 11:05:28', '2015-12-01 11:05:28'),
(88, 18, 5, 'Sabitri Mahanta', 'S/o', 'Naren', '2015-12-01 11:06:08', '2015-12-01 11:06:08'),
(89, 18, 6, 'Sri Rana Mahanta', 'S/o', 'Naren', '2015-12-01 11:06:33', '2015-12-01 11:06:33'),
(90, 18, 7, 'Sri Ratul Mahanta', 'S/o', 'Naren', '2015-12-01 11:06:55', '2015-12-01 11:06:55'),
(91, 18, 8, 'Sri Prasujya Mahanta', 'S/o', 'Naren', '2015-12-01 11:07:28', '2015-12-01 11:07:28'),
(92, 18, 9, 'Sri Santanu Mahanta', 'S/o', 'Naren', '2015-12-01 11:07:53', '2015-12-01 11:07:53'),
(93, 18, 10, 'Sri Krishna Priya Mahanta', 'W/o', 'Late Naren Mahanta', '2015-12-01 11:09:50', '2015-12-01 11:09:50'),
(94, 18, 11, 'Sri Dullal Mahanta', 'S/o', 'Late Ananda Mahanta', '2015-12-01 11:10:37', '2015-12-01 11:10:37'),
(95, 18, 12, 'Sri Gautam Mahanta', 'S/o', 'Late Ananda Mahanta', '2015-12-01 11:11:11', '2015-12-01 11:11:11'),
(96, 18, 13, 'Sri Pallab Mahanta', 'S/o', 'Late Ananda Mahanta', '2015-12-01 11:11:40', '2015-12-01 11:11:40'),
(97, 18, 14, 'Taru Goswami', 'W/o', 'Late Ananda Mahanta', '2015-12-01 11:12:17', '2015-12-01 11:12:17'),
(98, 19, 1, 'Najibul Hussain', 'S/o', 'Khair Haque', '2015-12-01 11:14:51', '2015-12-01 11:14:51'),
(99, 20, 1, 'Sri Babul Borah', 'S/o', 'Tikhar', '2015-12-01 11:15:35', '2015-12-01 11:15:35'),
(100, 20, 2, 'Sri Lakhidhar Borah', 'S/o', 'Late Bhogiram Borah', '2015-12-01 11:16:20', '2015-12-01 11:16:20'),
(101, 20, 3, 'Sri Tankeswar Saikia', 'S/o', 'Bihuram', '2015-12-01 11:16:54', '2015-12-01 11:16:54'),
(102, 20, 4, 'Ratneswar Hazarika', 'S/o', 'Late Punaram', '2015-12-01 11:17:57', '2015-12-01 11:17:57'),
(103, 20, 5, 'Sri Nipendra Kumar Mahanta', 'S/o', 'Mahendra', '2015-12-01 11:18:44', '2015-12-01 11:18:44'),
(104, 20, 6, 'Sri Ranjit Kumar Mahanta', 'S/o', 'Mahendra', '2015-12-01 11:19:09', '2015-12-01 11:19:09'),
(105, 20, 7, 'Minakhi Mahanta', 'W/o', 'Nripendra Kumar Mahanta', '2015-12-01 11:20:03', '2015-12-01 11:20:03'),
(106, 20, 8, 'Dattatreya Kashyap', 'D/o', 'Nripendra Kumar Mahanta', '2015-12-01 11:21:01', '2015-12-01 11:21:01'),
(107, 21, 1, 'Sahijuddin Ahammad', 'S/o', 'Seur', '2015-12-01 11:24:29', '2015-12-01 11:24:29'),
(108, 21, 2, 'Mobina Khatun', 'W/o', 'Kaji Majaharal', '2015-12-01 11:25:22', '2015-12-01 11:25:22'),
(109, 16, 1, 'Sri Rebakanta Sarmah', 'S/o', 'Lt. Durlove', '2015-12-01 11:26:03', '2015-12-01 11:42:25'),
(110, 16, 2, 'Sri Ratneswar Sarmah', 'S/o', 'Lt. Durlove', '2015-12-01 11:26:34', '2015-12-01 11:42:47'),
(111, 21, 3, 'Dedi (Nasima) Khatun', 'D/o', '', '2015-12-01 11:27:06', '2015-12-01 11:27:06'),
(112, 21, 4, 'Sabirul Hussain', 'S/o', '', '2015-12-01 11:27:34', '2015-12-01 11:27:34'),
(113, 16, 3, 'Sri Bul Sarmah', 'S/o', 'Lt. Durlove', '2015-12-01 11:27:54', '2015-12-01 11:42:55'),
(114, 21, 5, 'Babu Hussain', 'S/o', 'Kaji Majaharal', '2015-12-01 11:28:31', '2015-12-01 11:28:31'),
(115, 16, 4, 'Sri Bikul Sarmah', 'S/o', 'Lt. Durlove', '2015-12-01 11:28:37', '2015-12-01 11:28:37'),
(116, 22, 1, 'Sri Khagen Saikia', 'S/o', 'Late Dimbeswar Saikia', '2015-12-01 11:29:49', '2015-12-01 11:29:49'),
(117, 16, 5, 'Sri Dinamai Devi', 'W/o', 'Lt. Durlove', '2015-12-01 11:29:55', '2015-12-01 11:29:55'),
(118, 23, 1, 'Sri Mahendra Hazarika', 'S/o', 'Luku Hazarika', '2015-12-01 11:33:47', '2015-12-01 11:33:47'),
(119, 23, 2, 'Sri Tilu Borah  Saikia', 'W/o', 'Sri Prabhat Ch. Saikia', '2015-12-01 11:34:39', '2015-12-01 11:34:39'),
(120, 23, 3, 'Sri Birendra Hazarika', 'S/o', '', '2015-12-01 11:36:43', '2015-12-01 11:36:43'),
(121, 24, 1, 'Arif Uddin Ahammad', 'S/o', 'Sahijuddin Ahammad', '2015-12-01 11:36:56', '2015-12-01 11:41:39'),
(122, 23, 4, 'Smti Dip Shikha Hazarika Padar', 'W/o', 'Tapash Padar', '2015-12-01 11:37:30', '2015-12-01 11:37:30'),
(123, 24, 2, 'Kabir Uddin Ahammad', 'S/o', 'Sahijuddin Ahammad', '2015-12-01 11:39:54', '2015-12-01 11:39:54'),
(124, 25, 1, 'Sri Dinaram Borah', 'S/o', 'Kesai', '2015-12-01 11:42:07', '2015-12-01 11:42:07'),
(125, 25, 2, 'Sri Harendra Nath Boarh', 'S/o', 'Dina Nath', '2015-12-01 11:42:30', '2015-12-01 11:42:30'),
(126, 25, 3, 'Sri Upendra Ch. Borah', 'S/o', 'Dina Nath', '2015-12-01 11:42:53', '2015-12-01 11:42:53'),
(127, 24, 3, 'Ashanuddin Ahammad', 'S/o', 'Sahijuddin Ahammad', '2015-12-01 11:45:14', '2015-12-01 11:45:14'),
(128, 26, 1, 'Sri Durlabh Borah', 'S/o', 'Bhadar Borah', '2015-12-01 11:46:37', '2015-12-01 11:46:37'),
(129, 26, 2, 'Sri Siva Ram  Borah', 'S/o', 'Thagi Borah', '2015-12-01 11:47:06', '2015-12-01 11:47:06'),
(130, 26, 3, 'Sri Kanmai Borah', 'D/o', 'Late Bhodor Borah', '2015-12-01 11:47:45', '2015-12-01 11:47:45'),
(131, 26, 4, 'Sri Deba Borah', 'S/o', ' Sri Durlabh Borah ', '2015-12-01 11:48:40', '2015-12-01 11:48:40'),
(132, 26, 5, 'Sri Chandra Charan Borah', 'S/o', 'Sumeswar Borah', '2015-12-01 11:49:22', '2015-12-01 12:02:17'),
(133, 26, 6, 'Sri Bimal Ch. Borah', 'S/o', 'Sumeswar Borah', '2015-12-01 11:49:51', '2015-12-01 12:02:36'),
(134, 26, 7, 'Sri Jiten ch. Borah', 'S/o', 'Sumeswar Borah', '2015-12-01 11:50:20', '2015-12-01 12:02:47'),
(135, 26, 8, 'Sri Senimai Borah', 'W/o', 'Late Sumeswar Borah', '2015-12-01 11:51:01', '2015-12-01 11:51:59'),
(136, 28, 1, 'Mobina Khatun', 'W/o', 'Kaji Majaharal', '2015-12-01 11:52:02', '2015-12-01 11:52:02'),
(137, 26, 9, 'Sri Ganesh Baglari', 'S/o', 'Khudiram Baglari', '2015-12-01 11:52:30', '2015-12-01 11:52:30'),
(138, 28, 2, 'Dedi (Nasima) Khatun', 'D/o', 'Kaji Majaharal', '2015-12-01 11:52:34', '2015-12-01 11:52:34'),
(139, 28, 3, 'Sabirul Hussain', 'S/o', 'Kaji Majaharal', '2015-12-01 11:53:00', '2015-12-01 11:53:00'),
(140, 28, 4, 'Babu Hussain', 'S/o', 'Kaji Majaharal', '2015-12-01 11:53:14', '2015-12-01 11:53:14'),
(141, 27, 1, 'Sri Baliram Sarmah', 'S/o', 'Lt. Ananda', '2015-12-01 11:53:29', '2015-12-01 11:55:41'),
(142, 26, 10, 'Sri Durgeshwar Borah ', 'S/o', 'Late Pun Ram Borah', '2015-12-01 11:53:31', '2015-12-01 11:53:31'),
(143, 26, 11, 'Sri Mahendra Borah or Bhaiti borah', 'S/o', 'Sri Kashiram Borah', '2015-12-01 11:54:19', '2015-12-01 11:54:19'),
(144, 27, 2, 'Kumali sarmah', 'S/o', 'Lt. Ananda', '2015-12-01 11:54:20', '2015-12-01 11:56:01'),
(145, 26, 12, 'Sri Prasanna Hazarika', 'S/o', 'Late Chandra Hazarika', '2015-12-01 11:54:49', '2015-12-01 11:54:49'),
(146, 26, 13, 'Sri Jina Rani Borah', 'W/o', 'Late Jogen Borah', '2015-12-01 11:55:24', '2015-12-01 11:55:24'),
(147, 29, 1, 'Md Isak', 'S/o', 'Ajirat', '2015-12-01 12:01:28', '2015-12-01 12:01:28'),
(148, 29, 2, 'Jinnatun Rajun', 'W/o', 'Md Moslim', '2015-12-01 12:02:13', '2015-12-01 12:02:13'),
(149, 30, 1, 'Muktar Ali', 'S/o', 'Firajat', '2015-12-01 12:11:53', '2015-12-01 12:11:53'),
(150, 30, 2, 'Sahed Ali', 'S/o', '', '2015-12-01 12:12:26', '2015-12-01 12:12:26'),
(151, 27, 3, 'Diliram Sarmah M/G (Mother) Labanya', 'W/o', 'Lambudar', '2015-12-01 12:13:46', '2015-12-01 12:13:46'),
(152, 27, 4, 'Sri Ghanakanta Sarmah', 'S/o', 'Lt. Ananda', '2015-12-01 12:15:03', '2015-12-01 12:15:03'),
(153, 30, 3, 'Ad. Munib Na. Mother Munira', 'W/o', 'Rekib', '2015-12-01 12:16:56', '2015-12-01 12:16:56'),
(154, 27, 5, 'Putul Sarmah', 'S/o', 'Lt. Ananda', '2015-12-01 12:16:58', '2015-12-01 12:16:58'),
(155, 30, 4, 'Fateuz Jamal', 'S/o', 'Muksed Ali', '2015-12-01 12:17:55', '2015-12-01 12:17:55'),
(156, 27, 6, 'Sri Kushal Sarmah', 'S/o', 'Lt. Ananda', '2015-12-01 12:18:14', '2015-12-01 12:18:14'),
(157, 27, 7, 'Sri Aidhan Devi', 'W/o', 'Lt. Ananda', '2015-12-01 12:18:58', '2015-12-01 12:18:58'),
(158, 30, 5, 'Mustahar Ali', 'S/o', 'Mukred Ali', '2015-12-01 12:19:07', '2015-12-01 12:19:07'),
(159, 30, 6, 'Monser Ali', 'S/o', 'Mukred Ali', '2015-12-01 12:19:37', '2015-12-01 12:19:37'),
(160, 27, 8, 'Sri Bikash Sarmah', 'S/o', 'Lt. Lakhidhar', '2015-12-01 12:19:42', '2015-12-01 12:19:42'),
(161, 30, 7, 'Mahammad Ali', 'S/o', 'Mukred Ali', '2015-12-01 12:20:11', '2015-12-01 12:20:11'),
(162, 30, 8, 'Bubul Ara Begum', 'D/o', 'Mukred Ali', '2015-12-01 12:20:52', '2015-12-01 12:21:07'),
(163, 31, 1, 'Sri Kanailal Rathi', 'S/o', 'Mangilal Rathi', '2015-12-01 12:21:29', '2015-12-01 12:21:29'),
(164, 30, 9, 'Biutiyara Begum', 'D/o', 'Mukred Ali', '2015-12-01 12:21:42', '2015-12-01 12:21:42'),
(165, 31, 2, 'Sri Purna Kanta Rajkhowa', 'S/o', 'Durgadhar Rajkhowa', '2015-12-01 12:22:08', '2015-12-01 12:22:08'),
(166, 30, 10, 'Tenemai', 'W/o', 'Mukred Ali', '2015-12-01 12:22:09', '2015-12-01 12:22:09'),
(167, 31, 3, 'Sri Dilip Phukan', 'S/o', 'Banamali', '2015-12-01 12:22:33', '2015-12-01 12:22:33'),
(168, 31, 4, 'Sri Tapan Kumar Borah', 'S/o', 'Mohan Borah', '2015-12-01 12:22:59', '2015-12-01 12:22:59'),
(169, 31, 5, 'Srmti Amiya Rajkhowa', 'W/o', 'Giridhar Borah', '2015-12-01 12:23:46', '2015-12-01 12:33:02'),
(170, 31, 6, 'Sri Apurba Bordoloi', 'S/o', 'Badan Bordoloi', '2015-12-01 12:24:28', '2015-12-01 12:24:28'),
(171, 31, 7, 'Sri Naba Hazarika', 'S/o', 'Biren', '2015-12-01 12:24:53', '2015-12-01 12:24:53'),
(172, 31, 8, 'Smti Rina Borah', 'W/o', 'Ratneswar Borah', '2015-12-01 12:25:35', '2015-12-01 12:25:35'),
(173, 31, 9, 'Sri Sarbeswar Saikia', 'S/o', 'Lila Dhar', '2015-12-01 12:26:15', '2015-12-01 12:26:15'),
(174, 31, 10, 'Sri Kalpana Borah', 'W/o', 'Achyut Borah', '2015-12-01 12:26:49', '2015-12-01 12:26:49'),
(175, 30, 11, 'Ad Motin', 'S/o', 'Altab Uddin', '2015-12-01 12:27:05', '2015-12-01 12:27:05'),
(176, 30, 12, 'Baharul Islam', 'S/o', 'Altab Uddin', '2015-12-01 12:27:22', '2015-12-01 12:27:22'),
(177, 31, 11, 'Sri Achyut Borah', 'S/o', 'Late Fhatick Borah', '2015-12-01 12:27:35', '2015-12-01 12:27:35'),
(178, 30, 13, 'Tulu Ahmed', 'S/o', 'Altab Uddin', '2015-12-01 12:27:46', '2015-12-01 12:27:46'),
(179, 31, 12, 'Sri Dulal Borthakur', 'S/o', 'Tilok', '2015-12-01 12:28:04', '2015-12-01 12:28:04'),
(180, 30, 14, 'Rasidul Haque', 'S/o', 'Altab Uddin', '2015-12-01 12:28:12', '2015-12-01 12:28:12'),
(181, 32, 1, 'Sri Satyaprasad Sarmah', 'S/o', 'Lt. Jagat Ch. Sarmah', '2015-12-01 12:28:21', '2015-12-01 12:28:21'),
(182, 30, 15, 'Remija Begam', 'D/o', 'Altab Uddin', '2015-12-01 12:28:37', '2015-12-01 12:28:53'),
(183, 31, 13, 'Sri Panchanna Hazarika', 'S/o', 'Chandra kanta Hazarika', '2015-12-01 12:28:52', '2015-12-01 12:28:52'),
(184, 32, 2, 'Sri Siva Prashad Sarmah', 'S/o', 'Lt. Jagat Ch. Sarmah', '2015-12-01 12:29:10', '2015-12-01 12:29:10'),
(185, 30, 16, 'Liza Begam', 'D/o', 'Altab Uddin', '2015-12-01 12:29:37', '2015-12-01 12:29:37'),
(186, 30, 17, 'Mofija Khatun', 'W/o', 'Altab Uddin', '2015-12-01 12:29:59', '2015-12-01 12:29:59'),
(187, 30, 18, 'Firuj Islam', 'S/o', '', '2015-12-01 12:30:32', '2015-12-01 12:30:32'),
(188, 32, 3, 'Sri Toilokya Tamuli Devi', 'W/o', 'Jagat', '2015-12-01 12:31:18', '2015-12-01 12:32:11'),
(189, 30, 19, 'Moufida Bega', 'D/o', '', '2015-12-01 12:31:54', '2015-12-01 12:31:54'),
(190, 30, 20, 'Wahida Begam', 'D/o', '', '2015-12-01 12:32:27', '2015-12-01 12:32:27'),
(191, 30, 21, 'Rubi Begam', 'D/o', '', '2015-12-01 12:32:53', '2015-12-01 12:32:53'),
(192, 30, 22, 'Rumi Begam', 'D/o', '', '2015-12-01 12:33:10', '2015-12-01 12:33:10'),
(193, 32, 4, 'Sri Nripul Sarmah', 'S/o', 'Lt. Akan', '2015-12-01 12:33:16', '2015-12-01 12:33:16'),
(194, 30, 23, 'Rouji Begam', 'D/o', '', '2015-12-01 12:33:33', '2015-12-01 12:33:33'),
(195, 32, 5, 'Sri Jitu Sarmah', 'S/o', 'Lt. Akan', '2015-12-01 12:33:57', '2015-12-01 12:33:57'),
(196, 32, 6, 'Sri Jayanta Sarmah', 'S/o', 'Lt. Akan', '2015-12-01 12:35:07', '2015-12-01 12:35:07'),
(197, 32, 7, 'Sri Jugal Sarmah', 'S/o', 'Lt. Akan', '2015-12-01 12:37:04', '2015-12-01 12:37:04'),
(198, 33, 1, 'Sri Rupam Hazarika', 'S/o', 'Late Thanuram', '2015-12-01 12:41:37', '2015-12-01 12:41:37'),
(199, 34, 1, 'Sri Girikanta Saikia', 'S/o', 'Late Dhanai', '2015-12-01 12:44:33', '2015-12-01 12:44:33'),
(200, 35, 1, 'Sri Rupeswar Borah', 'S/o', 'Late Koliram Borah', '2015-12-01 12:47:46', '2015-12-01 12:47:46'),
(201, 35, 2, 'Sri Iseswar Hazarika', 'S/o', 'Late Umaram Hazarika', '2015-12-01 12:48:36', '2015-12-01 12:48:36'),
(202, 36, 1, 'Fatim Ahmed', 'S/o', 'Saleh Uddin', '2015-12-01 12:50:33', '2015-12-01 12:50:33'),
(203, 37, 1, 'Sri Mukut Ch. Mahanta', 'S/o', 'Late Bangsidhar Mahanta', '2015-12-01 12:53:45', '2015-12-01 12:53:45'),
(204, 37, 2, 'Sri Mukul Mahanta', 'S/o', 'Late Bangsidhar Mahanta', '2015-12-01 12:54:07', '2015-12-01 12:54:07'),
(205, 37, 3, 'Sri Keshab Mahanta', 'S/o', 'Late Bangsidhar Mahanta', '2015-12-01 12:54:21', '2015-12-01 12:54:21'),
(206, 37, 4, 'Sri Gautam Mahanta', 'S/o', 'Late Bangsidhar Mahanta', '2015-12-01 12:54:40', '2015-12-01 12:54:40'),
(207, 37, 5, 'Sabitri Mahanta', 'W/o', 'Bhog Chandra', '2015-12-01 12:55:12', '2015-12-01 12:55:12'),
(208, 37, 6, 'Sri Rana Mahanta', 'S/o', 'Naren', '2015-12-01 12:55:30', '2015-12-01 12:55:30'),
(209, 39, 1, 'Kamal Uddin', 'S/o', 'Ad. Hemid', '2015-12-01 12:55:39', '2015-12-01 12:55:39'),
(210, 37, 7, 'Sri Ratul Mahanta', 'S/o', 'Naren', '2015-12-01 12:55:45', '2015-12-01 12:55:45'),
(211, 37, 8, 'Sri Santanu Mahanta', 'S/o', 'Naren', '2015-12-01 12:56:00', '2015-12-01 12:56:00'),
(212, 39, 2, 'Jafar Uddin', 'S/o', 'Ad. Hemid', '2015-12-01 12:56:03', '2015-12-01 12:56:03'),
(213, 37, 9, 'Sri Krishna Priya Mahanta', 'W/o', 'Late Naren Mahanta', '2015-12-01 12:56:22', '2015-12-01 12:56:22'),
(214, 39, 3, 'Asemuddin', 'S/o', 'Ad. Hemid', '2015-12-01 12:56:50', '2015-12-01 12:56:50'),
(215, 37, 10, 'Sri Dullal Mahanta', 'S/o', 'Late Ananda Mahanta', '2015-12-01 12:56:58', '2015-12-01 12:56:58'),
(216, 39, 4, 'Sela Uddin', 'S/o', 'Ad. Hemid', '2015-12-01 12:57:15', '2015-12-01 12:57:15'),
(217, 37, 11, 'Sri Gautam Mahanta', 'S/o', 'Late Ananda Mahanta', '2015-12-01 12:57:16', '2015-12-01 12:57:16'),
(218, 37, 12, 'Sri Pallab Mahanta', 'S/o', 'Late Ananda Mahanta', '2015-12-01 12:57:31', '2015-12-01 12:57:31'),
(219, 38, 1, 'Sri khema Kt. Sarmah', 'S/o', 'Lt. Bhabiram', '2015-12-01 12:57:32', '2015-12-01 12:57:32'),
(220, 37, 13, 'Taru Goswami', 'W/o', 'Late Ananda', '2015-12-01 12:57:54', '2015-12-01 12:57:54'),
(221, 41, 1, 'Kaji Arif Uddin Ahammad', 'S/o', 'Kaji Sahiduddin Ahammad', '2015-12-01 13:05:17', '2015-12-01 13:05:17'),
(222, 41, 2, 'Kajir Kabir Uddin Ahammad', 'S/o', 'Kaji Sahiduddin Ahammad', '2015-12-01 13:05:59', '2015-12-01 13:05:59'),
(223, 41, 3, 'Kaji Ashan Uddin Ahammad', 'S/o', 'Kaji Sahiduddin Ahammad', '2015-12-01 13:06:51', '2015-12-01 13:06:51'),
(224, 42, 1, 'Hemchandra Kalita', 'S/o', 'Late Kesaram', '2015-12-01 13:07:40', '2015-12-01 13:07:40'),
(225, 42, 2, 'Sri Suren Hazarika', 'S/o', 'Umaram', '2015-12-01 13:08:05', '2015-12-01 13:08:05'),
(226, 42, 3, 'Sri Purnima Hazarika', 'D/o', 'Late Sonaram', '2015-12-01 13:08:39', '2015-12-01 13:08:39'),
(227, 42, 4, 'Isheswar Hazarika', 'S/o', 'Umaram', '2015-12-01 13:09:09', '2015-12-01 13:09:09'),
(228, 40, 1, 'Sri Satyprasad Sarmah', 'S/o', 'Lt. Jagat Ch. Sarmah', '2015-12-01 13:10:57', '2015-12-01 13:10:57'),
(229, 40, 2, 'Sri Siva Prashad Sarmah', 'S/o', 'Lt. Jagat Ch. Sarmah', '2015-12-01 13:11:36', '2015-12-01 13:11:36'),
(230, 40, 3, 'Sri Toilokya Tamuli Devi', 'W/o', 'Jagat', '2015-12-01 13:13:11', '2015-12-01 13:13:11'),
(231, 44, 1, 'Kaji Sahimuddin Ahammad', 'S/o', 'Kaji Seur', '2015-12-01 13:17:46', '2015-12-01 13:17:46'),
(232, 43, 1, 'Sri Apurba Bordoloi', 'S/o', 'Late Badan Bordoloi', '2015-12-01 13:18:13', '2015-12-01 13:18:13'),
(233, 40, 4, 'Sri Nripul Sarmah', 'S/o', 'Lt. Akan', '2015-12-01 13:18:38', '2015-12-01 13:18:38'),
(234, 44, 2, 'Mobina Khatun', 'W/o', 'Kaji Majaharal', '2015-12-01 13:18:54', '2015-12-01 13:18:54'),
(235, 40, 5, 'Sri Jitu Sarmah', 'S/o', 'Lt. akan', '2015-12-01 13:19:20', '2015-12-01 13:19:20'),
(236, 44, 3, 'Dedi (Nasima) Khatun', 'D/o', 'Kaji Majaharal', '2015-12-01 13:19:47', '2015-12-01 13:19:47'),
(237, 40, 6, 'Sri Jayanta Sarmah', 'S/o', 'Lt. Akan', '2015-12-01 13:19:56', '2015-12-01 13:19:56'),
(238, 44, 4, 'Sabirul Hussain', 'S/o', 'Kaji Majaharal', '2015-12-01 13:20:18', '2015-12-01 13:20:18'),
(239, 40, 7, 'Sri Jugal Sarmah', 'S/o', 'Lt. Akan', '2015-12-01 13:20:20', '2015-12-01 13:20:20'),
(240, 44, 5, 'Babu Hussain', 'S/o', 'Kaji Majaharal', '2015-12-01 13:20:40', '2015-12-01 13:20:40'),
(241, 45, 1, 'Sri Rupram Keot', 'S/o', 'Late Thanu Keot', '2015-12-01 13:22:12', '2015-12-01 13:22:12'),
(242, 46, 1, 'Smt Mallika Kalita', 'D/o', 'Late Joy Mohan', '2015-12-01 13:25:23', '2015-12-01 13:25:23'),
(243, 47, 1, 'Nhesa Bibi', 'D/o', 'Ilahi Box', '2015-12-01 13:26:48', '2015-12-01 13:26:48'),
(244, 47, 2, 'Serifa Khatun', 'D/o', 'Ilahi Box', '2015-12-01 13:27:18', '2015-12-01 13:27:18'),
(245, 47, 3, 'Amir ahmad', 'S/o', 'Ilahi Box', '2015-12-01 13:27:43', '2015-12-01 13:27:43');

-- --------------------------------------------------------

--
-- Table structure for table `posessors`
--

CREATE TABLE IF NOT EXISTS `posessors` (
  `id` int(11) NOT NULL AUTO_INCREMENT,
  `award_id` int(11) NOT NULL,
  `sl` int(11) NOT NULL,
  `name` varchar(50) COLLATE utf8_unicode_ci NOT NULL,
  `relation` enum('S/o','D/o','W/o') COLLATE utf8_unicode_ci NOT NULL DEFAULT 'S/o',
  `gurdian` varchar(50) COLLATE utf8_unicode_ci NOT NULL,
  `pattadar_sl` int(11) DEFAULT NULL,
  `created_at` timestamp NOT NULL,
  `updated_at` timestamp NOT NULL,
  PRIMARY KEY (`id`)
) ENGINE=InnoDB  DEFAULT CHARSET=utf8 COLLATE=utf8_unicode_ci AUTO_INCREMENT=133 ;

--
-- Dumping data for table `posessors`
--

INSERT INTO `posessors` (`id`, `award_id`, `sl`, `name`, `relation`, `gurdian`, `pattadar_sl`, `created_at`, `updated_at`) VALUES
(3, 2, 1, 'Kalpana Gayan', 'D/o', 'Gujar Gayan', 5, '2015-12-01 07:22:55', '2015-12-01 07:22:55'),
(4, 3, 1, 'Dipankar Gayan', 'S/o', 'Jugesar Gayan', 0, '2015-12-01 07:26:22', '2015-12-01 07:26:22'),
(5, 4, 1, 'Fiznur Ali Hussain', 'S/o', 'Mahibul Hussain', 4, '2015-12-01 07:41:55', '2015-12-01 07:41:55'),
(7, 5, 1, 'Dildar Hussain', 'S/o', 'Sahar Ali', 0, '2015-12-01 07:58:45', '2015-12-01 07:58:45'),
(8, 6, 1, 'Abdul Mursid', 'S/o', 'Abdul Wahed', 0, '2015-12-01 08:01:03', '2015-12-01 08:01:03'),
(9, 7, 1, 'Najamul Haque', 'S/o', 'Majamal', 1, '2015-12-01 08:06:41', '2015-12-01 08:06:41'),
(10, 8, 1, 'Raujal Haque', 'S/o', 'Jainaddin', 1, '2015-12-01 08:13:19', '2015-12-01 08:13:19'),
(11, 9, 1, 'Aijal Haque', 'S/o', 'Jainaddin', 2, '2015-12-01 08:19:20', '2015-12-01 08:19:20'),
(12, 10, 1, 'Faijal Haque', 'S/o', 'Jainaddin', 3, '2015-12-01 08:20:59', '2015-12-01 08:20:59'),
(13, 11, 1, 'Maujul Haque', 'S/o', 'Jainaddin', 4, '2015-12-01 08:22:31', '2015-12-01 08:22:31'),
(14, 12, 1, 'Alijul Haque', 'S/o', 'Jainaddin', 5, '2015-12-01 08:24:42', '2015-12-01 08:24:42'),
(15, 13, 1, 'Alijul Haque', 'S/o', 'Jainaddin', 5, '2015-12-01 08:25:39', '2015-12-01 08:25:39'),
(16, 14, 1, 'Abdul Munnaf', 'S/o', 'Samsuddin', 1, '2015-12-01 08:28:45', '2015-12-01 08:28:45'),
(17, 15, 1, 'Abdul Minar', 'S/o', 'Samsuddin', 2, '2015-12-01 08:30:18', '2015-12-01 08:30:18'),
(18, 16, 1, 'Marjina Khatun', 'W/o', 'Abdul Munnaf', 1, '2015-12-01 08:36:40', '2015-12-01 08:36:40'),
(19, 17, 1, 'Mushabul Hussain', 'S/o', 'Nazer Hussain', 0, '2015-12-01 08:41:14', '2015-12-01 08:41:14'),
(20, 17, 2, 'Mussa Rabia Begum', 'W/o', 'Nijaul Haque', 2, '2015-12-01 08:45:22', '2015-12-01 08:45:22'),
(21, 18, 1, 'Md. Safiqur Rahman', 'S/o', 'Lt. Mukhlesur Rahman', 0, '2015-12-01 08:47:40', '2015-12-01 08:47:40'),
(22, 19, 1, 'Mussa Rabiya Begam', 'W/o', 'Nijaul Haque', 2, '2015-12-01 08:48:51', '2015-12-01 08:48:51'),
(23, 20, 1, 'Atikul Hussain', 'S/o', 'Abed Hussain', 4, '2015-12-01 09:00:03', '2015-12-01 09:00:03'),
(24, 20, 2, 'Afiful Hussain', 'S/o', 'Abed Hussain', 5, '2015-12-01 09:01:46', '2015-12-01 09:01:46'),
(25, 21, 1, 'Ariful Rahman', 'S/o', 'Asfarur Rahman', 0, '2015-12-01 09:02:57', '2015-12-01 09:02:57'),
(26, 22, 1, 'Md. Arifur Rahman', 'S/o', 'Lt Rahman', 0, '2015-12-01 09:05:06', '2015-12-01 09:05:06'),
(27, 22, 2, 'Mis Mujmila Begum', 'W/o', 'Lt A Rahman', 0, '2015-12-01 09:06:51', '2015-12-01 09:06:51'),
(28, 23, 1, 'Tasauwar Rahman', 'S/o', 'Seidur Rahaman', 2, '2015-12-01 09:08:30', '2015-12-01 09:08:30'),
(29, 24, 1, 'Edul Haque', 'S/o', 'Iyar Hussain', 6, '2015-12-01 09:10:14', '2015-12-01 09:10:14'),
(30, 25, 1, 'Kaji Asikul Haque', 'S/o', 'Hamidul Haque', 6, '2015-12-01 09:45:48', '2015-12-01 09:45:48'),
(31, 25, 2, 'Ajira Begum', 'D/o', 'Aibul Haque', 12, '2015-12-01 09:49:35', '2015-12-01 09:49:35'),
(32, 26, 1, 'Moinuddin Ahmed', 'S/o', 'Monir Uddin', 0, '2015-12-01 10:02:07', '2015-12-01 10:02:07'),
(33, 27, 1, 'Gubin Ch Sarmah', 'S/o', 'Lt. Nandiram', 1, '2015-12-01 10:03:23', '2015-12-01 10:03:23'),
(34, 28, 2, 'Mobin Ali', 'S/o', 'Babuli', 9, '2015-12-01 10:04:16', '2015-12-01 10:04:16'),
(35, 29, 3, 'Md. Mislehuddin Ahmed', 'S/o', 'Lt. Taznoor Hussain', 0, '2015-12-01 10:07:26', '2015-12-01 10:07:26'),
(36, 30, 1, 'Md. Ajmal Hussain', 'S/o', 'Lt. Tajmal Hussain', 0, '2015-12-01 10:10:51', '2015-12-01 10:10:51'),
(37, 31, 1, 'Krshna Saikia', 'S/o', 'Lt. Shrikantaram', 0, '2015-12-01 10:11:51', '2015-12-01 10:11:51'),
(38, 32, 1, 'Md. Sher Ali Ahmed', 'S/o', 'Lt. Taznoor Hussain', 0, '2015-12-01 10:13:02', '2015-12-01 10:13:02'),
(39, 33, 1, 'Najamal Hussain', 'S/o', 'Tajamol', 0, '2015-12-01 10:15:22', '2015-12-01 10:15:22'),
(40, 33, 2, 'Ajmal Hussain', 'S/o', 'Tajamol', 0, '2015-12-01 10:17:14', '2015-12-01 10:17:14'),
(41, 34, 1, 'Mussa Amina Begum', 'W/o', 'Masrafuddin', 0, '2015-12-01 10:18:48', '2015-12-01 10:18:48'),
(42, 31, 1, 'Nikamul satradhikar', 'S/o', '', 1, '2015-12-01 10:31:27', '2015-12-01 10:31:27'),
(43, 35, 1, 'Badiuz Jaman', 'S/o', 'Sunnat Ali', 0, '2015-12-01 10:34:03', '2015-12-01 10:34:03'),
(44, 37, 1, 'Loken Saikia', 'S/o', 'Lt. Shrikantaram', 0, '2015-12-01 10:34:46', '2015-12-01 10:34:46'),
(45, 36, 1, 'Iyakub Ali', 'S/o', 'Sunnat Ali', 8, '2015-12-01 10:45:44', '2015-12-01 10:45:44'),
(46, 38, 1, 'Imman Hussain', 'S/o', 'Jesimuddin', 0, '2015-12-01 10:49:10', '2015-12-01 10:49:10'),
(47, 39, 1, 'Sri Dipanjan Bordoloi', 'S/o', 'Late Rasheswar Bordoloi', 2, '2015-12-01 10:53:08', '2015-12-01 10:53:08'),
(48, 40, 1, 'Abdul Motalib', 'S/o', 'Samsuddin', 0, '2015-12-01 10:53:22', '2015-12-01 10:53:22'),
(49, 39, 2, 'Sri Dullal Bordoloi', 'S/o', 'Late Rasheswar Bordoloi', 3, '2015-12-01 10:55:39', '2015-12-01 10:55:39'),
(50, 39, 3, 'Sri Amrit Bordoloi', 'S/o', 'Late Rasheswar Bordoloi', 4, '2015-12-01 10:56:40', '2015-12-01 10:56:40'),
(51, 39, 4, 'Sri Hareswar Bordoloi', 'S/o', 'Late Rasheswar Bordoloi', 5, '2015-12-01 10:57:34', '2015-12-01 10:57:34'),
(52, 42, 1, 'President of Urigaon Panchayat', 'S/o', '', 7, '2015-12-01 10:59:58', '2015-12-01 10:59:58'),
(53, 41, 1, 'Mrs Rina Begum', 'W/o', 'Lt. Nurul Hussain', 0, '2015-12-01 10:59:59', '2015-12-01 10:59:59'),
(54, 43, 1, 'Md. Ajizur Rahman', 'S/o', 'Lt. Aalifor Rahman', 4, '2015-12-01 11:06:43', '2015-12-01 11:06:43'),
(55, 44, 1, 'Sri Narayan Hazarika', 'S/o', 'Lt. padram', 8, '2015-12-01 11:07:03', '2015-12-01 11:07:03'),
(56, 45, 1, 'Phukan Ali', 'S/o', 'Alifar Rahman', 5, '2015-12-01 11:10:48', '2015-12-01 11:10:48'),
(57, 46, 1, 'Sri Mukul Mahanta', 'S/o', 'Late Bangsidhar Mahanta', 2, '2015-12-01 11:13:18', '2015-12-01 11:13:18'),
(58, 47, 1, 'Safiruddin Ahmed', 'S/o', 'Abdul Karim', 0, '2015-12-01 11:16:25', '2015-12-01 11:16:25'),
(59, 48, 1, 'Najamal Hussain', 'S/o', 'Khair Haque', 1, '2015-12-01 11:18:32', '2015-12-01 11:18:32'),
(60, 49, 1, 'Amirul Islam', 'S/o', 'Nur Hussain', 0, '2015-12-01 11:20:30', '2015-12-01 11:20:30'),
(61, 50, 1, 'Mrinali Saikia', 'W/o', 'Sri Kushram Saikia', 9, '2015-12-01 11:20:53', '2015-12-01 11:20:53'),
(62, 51, 1, 'Sri Babul Borah', 'S/o', 'Tikhar', 1, '2015-12-01 11:21:44', '2015-12-01 11:21:44'),
(63, 51, 2, 'Sri Lakhidhar Borah', 'S/o', 'Late Bhogiram Borah', 2, '2015-12-01 11:22:45', '2015-12-01 11:22:45'),
(64, 51, 3, 'Sri Tankeswar Saikia', 'S/o', 'Bihuram', 3, '2015-12-01 11:23:46', '2015-12-01 11:23:46'),
(65, 51, 4, 'Ratneswar Hazarika', 'S/o', 'Late Punaram', 4, '2015-12-01 11:24:30', '2015-12-01 11:24:30'),
(66, 51, 5, 'Sri Nipendra Kumar Mahanta', 'S/o', 'Mahendra', 5, '2015-12-01 11:25:26', '2015-12-01 11:25:26'),
(67, 51, 6, 'Sri Ranjit Kumar Mahanta', 'S/o', 'Mahendra', 6, '2015-12-01 11:26:05', '2015-12-01 11:26:05'),
(68, 51, 7, 'Minakhi Mahanta', 'W/o', 'Nripendra Kumar Mahanta', 7, '2015-12-01 11:26:51', '2015-12-01 11:26:51'),
(69, 51, 8, 'Dattatreya Kashyap', 'D/o', 'Nripendra Kumar Mahanta', 8, '2015-12-01 11:27:27', '2015-12-01 11:27:27'),
(70, 52, 1, 'Mobina Khatun', 'W/o', 'Kaji Majaharal', 2, '2015-12-01 11:29:06', '2015-12-01 11:29:06'),
(71, 53, 1, 'Sri Khagen Saikia', 'S/o', 'Late Dimbeswar Saikia', 1, '2015-12-01 11:30:41', '2015-12-01 11:30:41'),
(72, 55, 1, 'Kabir Uddin Ahammad', 'S/o', 'Kaji Majaharal', 0, '2015-12-01 11:32:43', '2015-12-01 11:32:43'),
(73, 54, 1, 'Sri Rebakanta Sarmah', 'S/o', '', 0, '2015-12-01 11:34:35', '2015-12-01 11:34:35'),
(74, 54, 2, 'Sri Bul Sarmah', 'S/o', '', 0, '2015-12-01 11:35:16', '2015-12-01 11:35:16'),
(75, 54, 3, 'Sri Bikul Sarmah', 'S/o', 'Lt. Durlove', 4, '2015-12-01 11:36:58', '2015-12-01 11:36:58'),
(76, 57, 1, 'Sri Tilu Borah  Saikia', 'W/o', 'Sri Prabhat Ch. Saikia', 2, '2015-12-01 11:39:48', '2015-12-01 11:39:48'),
(77, 59, 1, 'Sri Harendra Nath Boarh', 'S/o', 'Dina Nath', 2, '2015-12-01 11:43:41', '2015-12-01 11:43:41'),
(78, 54, 4, 'Sri Dinamai Devi', 'W/o', 'Lt. Durlove', 5, '2015-12-01 11:44:27', '2015-12-01 11:44:27'),
(79, 59, 2, 'Sri Upendra Ch. Borah', 'S/o', 'Dina Nath', 3, '2015-12-01 11:45:02', '2015-12-01 11:45:02'),
(80, 58, 1, 'Kabir Uddin Ahammad', 'S/o', 'Sahijuddin Ahammad', 2, '2015-12-01 11:46:20', '2015-12-01 11:46:20'),
(81, 61, 1, 'Kabir Uddin Ahammad', 'S/o', 'Sahijuddin Ahammad', 0, '2015-12-01 11:56:02', '2015-12-01 11:56:02'),
(82, 62, 1, 'Ajit Kr. Borah', 'S/o', 'Lt. Siva ram Borah', 0, '2015-12-01 11:58:26', '2015-12-01 11:58:26'),
(83, 31, 1, 'Sri loken saikia', 'S/o', 'Lt. Shrikantaram', 0, '2015-12-01 11:59:53', '2015-12-01 11:59:53'),
(84, 63, 1, 'Sri Chandra Charan Boarh', 'S/o', 'Sumeswar Boarh', 5, '2015-12-01 12:01:38', '2015-12-01 12:01:38'),
(85, 63, 1, 'Sri Chandra Charan Boarh', 'S/o', 'Sumeswar Boarh', 5, '2015-12-01 12:01:45', '2015-12-01 12:01:45'),
(86, 64, 1, 'Mofija Khatun', 'W/o', 'Altamuddin', 0, '2015-12-01 12:03:06', '2015-12-01 12:03:06'),
(87, 64, 2, 'Tunu Ahammad', 'S/o', 'Altaf', 0, '2015-12-01 12:04:00', '2015-12-01 12:04:00'),
(88, 65, 1, 'Sri Mahendra Borah or Bhaiti Borah', 'S/o', 'Late Kashiram Borah', 11, '2015-12-01 12:12:58', '2015-12-01 12:12:58'),
(89, 66, 1, 'Sri Mahendra Dutta', 'S/o', '', 0, '2015-12-01 12:15:03', '2015-12-01 12:15:03'),
(90, 67, 1, 'Sri Jina Rani Borah', 'W/o', 'Late Jogen Borah', 13, '2015-12-01 12:16:47', '2015-12-01 12:16:47'),
(91, 68, 1, 'Deba Borah', 'S/o', 'Durlabh Chandra Borah', 4, '2015-12-01 12:18:26', '2015-12-01 12:18:26'),
(92, 69, 1, 'Sri Bikash Sarmah', 'S/o', 'Lt. Lakhidhar', 8, '2015-12-01 12:20:50', '2015-12-01 12:20:50'),
(93, 70, 1, 'Srmti Amiya Rajkhowa Borah', 'W/o', 'Giridhar Borah', 5, '2015-12-01 12:30:38', '2015-12-01 12:30:38'),
(94, 72, 1, 'Sri Purna Kanta Rajkhowa', 'S/o', 'Durgadhar Rajkhowa', 2, '2015-12-01 12:34:52', '2015-12-01 12:34:52'),
(95, 73, 1, 'Sri Sarbeswar Saikia', 'S/o', 'Lila Dhar', 9, '2015-12-01 12:36:20', '2015-12-01 12:36:20'),
(96, 71, 1, 'Mofida Begam', 'W/o', 'Fasiul Islam', 19, '2015-12-01 12:36:34', '2015-12-01 12:36:34'),
(97, 75, 1, 'Sri Rina Borah', 'W/o', 'Ratneswar Borah', 8, '2015-12-01 12:38:37', '2015-12-01 12:38:37'),
(98, 74, 1, 'Sri Nripul Sarmah', 'S/o', 'Lt. Akan', 4, '2015-12-01 12:39:36', '2015-12-01 12:39:36'),
(99, 76, 1, 'Md. Baharul Islam', 'S/o', 'Lt. Altatuddin Ahmed', 12, '2015-12-01 12:40:04', '2015-12-01 12:40:04'),
(100, 78, 1, 'Sri Rupam Hazarika', 'S/o', 'Late Thanuram', 1, '2015-12-01 12:42:29', '2015-12-01 12:42:29'),
(101, 79, 1, 'Sri Girikanta Saikia', 'S/o', 'Late Dhanai', 1, '2015-12-01 12:45:06', '2015-12-01 12:45:06'),
(102, 77, 1, 'Marfa Begum', 'D/o', 'Foijul Haque', 0, '2015-12-01 12:46:00', '2015-12-01 12:46:00'),
(103, 74, 2, 'Sri jitu Sarmah', 'S/o', 'Lt. Akan', 5, '2015-12-01 12:47:33', '2015-12-01 12:47:33'),
(104, 80, 1, 'Monser Ali', 'S/o', 'Moksed Ali', 0, '2015-12-01 12:48:21', '2015-12-01 12:48:21'),
(105, 74, 3, 'Sri Jugal Sarmah', 'S/o', 'Lt. Akan', 7, '2015-12-01 12:49:09', '2015-12-01 12:49:09'),
(106, 81, 1, 'Sri Rupeswar Borah', 'S/o', 'Late Koliram Borah', 1, '2015-12-01 12:49:14', '2015-12-01 12:49:14'),
(107, 82, 2, 'Sri Iseswar Hazarika', 'S/o', 'Late Umaram Hazarika', 2, '2015-12-01 12:50:30', '2015-12-01 12:50:30'),
(108, 83, 1, 'Fatim Ahmed', 'S/o', 'Saleh Uddin', 1, '2015-12-01 12:51:09', '2015-12-01 12:51:09'),
(109, 84, 1, 'Abdul Kuddus', 'S/o', 'Salah Uddin Ahmed', 0, '2015-12-01 12:58:10', '2015-12-01 12:58:10'),
(110, 85, 1, 'Sri khema Kt. Sarmah', 'S/o', 'Lt. Bhabiram', 1, '2015-12-01 12:58:47', '2015-12-01 12:58:47'),
(111, 86, 1, 'Sri Mukul Mahanta', 'S/o', 'Bangshidhar Mahanta', 2, '2015-12-01 12:59:02', '2015-12-01 12:59:02'),
(112, 87, 1, 'Rejia Begum', 'W/o', 'Salah Uddin Ahmed', 0, '2015-12-01 13:00:11', '2015-12-01 13:00:11'),
(113, 88, 1, 'Smt. Taru Goswami', 'W/o', 'Late Ananda', 13, '2015-12-01 13:01:03', '2015-12-01 13:01:03'),
(114, 90, 1, 'Sri Mukut Ch. Mahanta', 'S/o', 'Late Bangsidhar Mahanta', 1, '2015-12-01 13:01:59', '2015-12-01 13:01:59'),
(115, 89, 1, 'Md. Jafaruddin Ahmed', 'S/o', 'Lt. Ad. Hemid', 2, '2015-12-01 13:02:24', '2015-12-01 13:02:24'),
(116, 90, 2, 'Sri Mukul Mahanta', 'S/o', 'Late Bangsidhar Mahanta', 2, '2015-12-01 13:03:21', '2015-12-01 13:03:21'),
(117, 90, 3, 'Sri Keshab Mahanta', 'S/o', 'Late Bangsidhar Mahanta', 3, '2015-12-01 13:03:54', '2015-12-01 13:03:54'),
(118, 90, 4, 'Sri Gautam Mahanta', 'S/o', 'Late Bangsidhar Mahanta', 4, '2015-12-01 13:04:24', '2015-12-01 13:04:24'),
(119, 91, 1, 'Sri Mukul Mahanta', 'S/o', 'Bangshidhar Mahanta', 2, '2015-12-01 13:05:24', '2015-12-01 13:05:24'),
(120, 92, 1, 'Rasida Khatun', 'W/o', 'Ab. Jabbar Khan', 0, '2015-12-01 13:09:19', '2015-12-01 13:09:19'),
(121, 93, 1, 'Hemchandra Kalita', 'S/o', 'Late Kesaram', 1, '2015-12-01 13:11:43', '2015-12-01 13:11:43'),
(122, 94, 1, 'Kajir Kabir Uddin Ahammad', 'S/o', 'Kaji Sahiduddin Ahammad', 2, '2015-12-01 13:12:17', '2015-12-01 13:12:17'),
(123, 94, 1, 'Kajir Kabir Uddin Ahammad', 'S/o', 'Kaji Sahiduddin Ahammad', 2, '2015-12-01 13:12:30', '2015-12-01 13:12:30'),
(124, 93, 2, 'Sri Suren Hazarika', 'S/o', 'Umaram', 2, '2015-12-01 13:14:09', '2015-12-01 13:14:09'),
(125, 93, 3, 'Sri Purnima Hazarika', 'D/o', 'Late Sonaram', 3, '2015-12-01 13:15:02', '2015-12-01 13:15:02'),
(126, 95, 1, 'Sri Apurba Bordoloi', 'S/o', 'Late Badan Bordoloi', 1, '2015-12-01 13:19:58', '2015-12-01 13:19:58'),
(127, 97, 1, 'Mobina Khatun', 'W/o', 'Kaji Majaharal', 2, '2015-12-01 13:21:42', '2015-12-01 13:21:42'),
(128, 96, 1, 'Sri Sataya Pr. Sarmah', 'S/o', 'Lt. Jagat', 1, '2015-12-01 13:22:47', '2015-12-01 13:22:47'),
(129, 98, 1, 'Sri Rupram Keot', 'S/o', 'Late Thanu Keot', 1, '2015-12-01 13:23:15', '2015-12-01 13:23:15'),
(130, 99, 1, 'Kajir Kabir Uddin Ahammad', 'S/o', 'Kaji Sahiduddin Ahammad', 0, '2015-12-01 13:24:02', '2015-12-01 13:24:02'),
(131, 96, 2, 'Sri Siva Prashad Sarmah', 'S/o', 'Lt. Jagat', 2, '2015-12-01 13:24:14', '2015-12-01 13:24:14'),
(132, 100, 1, 'Smt Mallika Kalita', 'D/o', 'Late Joy Mohan', 1, '2015-12-01 13:25:52', '2015-12-01 13:25:52');

-- --------------------------------------------------------

--
-- Table structure for table `properties`
--

CREATE TABLE IF NOT EXISTS `properties` (
  `id` int(11) NOT NULL AUTO_INCREMENT,
  `pin` int(11) NOT NULL,
  `scheme` text COLLATE utf8_unicode_ci,
  `created_at` timestamp NOT NULL DEFAULT CURRENT_TIMESTAMP,
  `updated_at` timestamp NOT NULL DEFAULT CURRENT_TIMESTAMP,
  PRIMARY KEY (`id`)
) ENGINE=InnoDB  DEFAULT CHARSET=utf8 COLLATE=utf8_unicode_ci AUTO_INCREMENT=2 ;

--
-- Dumping data for table `properties`
--

INSERT INTO `properties` (`id`, `pin`, `scheme`, `created_at`, `updated_at`) VALUES
(1, 4171, NULL, '2015-12-01 12:39:58', '2015-12-01 12:39:58');

-- --------------------------------------------------------

--
-- Table structure for table `rates`
--

CREATE TABLE IF NOT EXISTS `rates` (
  `id` int(11) NOT NULL AUTO_INCREMENT,
  `village_id` int(11) NOT NULL,
  `name` varchar(30) COLLATE utf8_unicode_ci NOT NULL,
  `name_local` varchar(50) COLLATE utf8_unicode_ci NOT NULL,
  `bigha` decimal(10,0) NOT NULL DEFAULT '0',
  `hector` decimal(10,0) NOT NULL DEFAULT '0',
  `created_at` timestamp NOT NULL,
  `updated_at` timestamp NOT NULL,
  PRIMARY KEY (`id`)
) ENGINE=InnoDB  DEFAULT CHARSET=utf8 COLLATE=utf8_unicode_ci AUTO_INCREMENT=69 ;

--
-- Dumping data for table `rates`
--

INSERT INTO `rates` (`id`, `village_id`, `name`, `name_local`, `bigha`, `hector`, `created_at`, `updated_at`) VALUES
(1, 1, 'RESIDETIAL', '', '1000000', '7548309', '2015-12-01 06:24:41', '2015-12-01 06:24:41'),
(2, 1, 'AGRICULTURE', '', '600000', '4528986', '2015-12-01 06:25:15', '2015-12-01 06:25:15'),
(3, 4, 'RESIDETIAL', '', '1000000', '7548309', '2015-12-01 06:42:19', '2015-12-01 06:42:19'),
(4, 4, 'AGRICULTURE', '', '600000', '4528986', '2015-12-01 06:42:46', '2015-12-01 06:42:46'),
(5, 4, 'TRADE SITE', '', '1100000', '8303140', '2015-12-01 06:43:21', '2015-12-01 06:43:21'),
(6, 5, 'RESIDETIAL', '', '1050000', '7925725', '2015-12-01 06:45:03', '2015-12-01 06:45:03'),
(7, 5, 'AGRICULTURE', '', '700000', '5283816', '2015-12-01 06:45:25', '2015-12-01 06:45:25'),
(8, 5, 'TRADE SITE', '', '1200000', '9057971', '2015-12-01 06:45:41', '2015-12-01 06:45:41'),
(9, 6, 'RESIDETIAL', '', '1000000', '7548309', '2015-12-01 06:48:01', '2015-12-01 06:48:01'),
(10, 6, 'AGRICULTURE', '', '600000', '4528986', '2015-12-01 06:48:17', '2015-12-01 06:48:17'),
(11, 6, 'TRADE SITE', '', '1100000', '8303140', '2015-12-01 06:48:36', '2015-12-01 06:48:36'),
(12, 7, 'RESIDETIAL', '', '600000', '4528986', '2015-12-01 06:49:18', '2015-12-01 06:49:18'),
(13, 7, 'AGRICULTURE', '', '450000', '3396739', '2015-12-01 06:49:36', '2015-12-01 06:49:36'),
(14, 7, 'TRADE SITE', '', '700000', '5283816', '2015-12-01 06:50:24', '2015-12-01 06:50:24'),
(15, 8, 'RESIDETIAL', '', '550000', '4151570', '2015-12-01 06:51:35', '2015-12-01 06:51:35'),
(16, 8, 'AGRICULTURE', '', '400000', '3019324', '2015-12-01 06:51:50', '2015-12-01 06:51:50'),
(17, 9, 'RESIDETIAL', '', '550000', '4151570', '2015-12-01 06:53:40', '2015-12-01 06:53:40'),
(18, 9, 'AGRICULTURE', '', '400000', '3019324', '2015-12-01 06:53:52', '2015-12-01 06:53:52'),
(19, 9, 'TRADE SITE', '', '650000', '4906401', '2015-12-01 06:54:11', '2015-12-01 06:54:11'),
(20, 10, 'RESIDETIAL', '', '600000', '4528986', '2015-12-01 06:55:14', '2015-12-01 06:55:14'),
(21, 10, 'AGRICULTURE', '', '400000', '3019324', '2015-12-01 06:55:29', '2015-12-01 06:55:29'),
(22, 10, 'TRADE SITE', '', '700000', '5283816', '2015-12-01 06:55:43', '2015-12-01 06:55:43'),
(23, 11, 'RESIDETIAL', '', '750000', '5661232', '2015-12-01 06:57:17', '2015-12-01 06:57:17'),
(24, 11, 'AGRICULTURE', '', '550000', '4151570', '2015-12-01 06:57:31', '2015-12-01 06:57:31'),
(25, 11, 'TRADE SITE', '', '1000000', '7548309', '2015-12-01 06:57:51', '2015-12-01 06:57:51'),
(26, 12, 'RESIDETIAL', '', '750000', '5661232', '2015-12-01 07:00:12', '2015-12-01 07:00:12'),
(27, 12, 'AGRICULTURE', '', '550000', '4151570', '2015-12-01 07:00:32', '2015-12-01 07:00:32'),
(28, 12, 'TRADE SITE', '', '1000000', '7548309', '2015-12-01 07:00:46', '2015-12-01 07:00:46'),
(29, 13, 'RESIDETIAL', '', '550000', '4151570', '2015-12-01 07:01:58', '2015-12-01 07:01:58'),
(30, 13, 'AGRICULTURE', '', '400000', '3019324', '2015-12-01 07:02:12', '2015-12-01 07:02:12'),
(31, 13, 'TRADE SITE', '', '700000', '5283816', '2015-12-01 07:02:25', '2015-12-01 07:02:25'),
(32, 14, 'RESIDETIAL', '', '600000', '4528986', '2015-12-01 07:04:52', '2015-12-01 07:04:52'),
(33, 14, 'AGRICULTURE', '', '400000', '3019324', '2015-12-01 07:05:02', '2015-12-01 07:05:02'),
(34, 14, 'TRADE SITE', '', '750000', '5661232', '2015-12-01 07:05:16', '2015-12-01 07:05:16'),
(35, 15, 'RESIDETIAL', '', '600000', '4528986', '2015-12-01 07:05:38', '2015-12-01 07:05:38'),
(36, 15, 'AGRICULTURE', '', '400000', '3019324', '2015-12-01 07:05:48', '2015-12-01 07:05:48'),
(37, 16, 'RESIDETIAL', '', '750000', '5661232', '2015-12-01 07:06:09', '2015-12-01 07:06:09'),
(38, 16, 'AGRICULTURE', '', '600000', '4528986', '2015-12-01 07:06:19', '2015-12-01 07:06:19'),
(39, 16, 'TRADE SITE', '', '1000000', '7548309', '2015-12-01 07:06:37', '2015-12-01 07:06:37'),
(40, 17, 'RESIDETIAL', '', '750000', '5661232', '2015-12-01 07:07:15', '2015-12-01 07:07:15'),
(41, 17, 'AGRICULTURE', '', '500000', '3774155', '2015-12-01 07:07:36', '2015-12-01 07:07:36'),
(42, 17, 'TRADE SITE', '', '1000000', '7548309', '2015-12-01 07:07:55', '2015-12-01 07:07:55'),
(43, 18, 'Agriculture', '', '300000', '2264493', '2015-12-01 10:21:14', '2015-12-01 10:21:14'),
(44, 19, 'Residential', '', '600000', '4528986', '2015-12-01 10:22:16', '2015-12-01 10:22:16'),
(45, 19, 'Agriculture', '', '300000', '2264493', '2015-12-01 10:22:29', '2015-12-01 10:22:29'),
(46, 19, 'Trade Site', '', '800000', '6038647', '2015-12-01 10:22:52', '2015-12-01 10:22:52'),
(47, 20, 'Residential', '', '600000', '4528986', '2015-12-01 10:23:39', '2015-12-01 10:23:39'),
(48, 20, 'Agriculture', '', '300000', '2264493', '2015-12-01 10:23:50', '2015-12-01 10:23:50'),
(49, 20, 'Trade Site', '', '800000', '6038647', '2015-12-01 10:24:09', '2015-12-01 10:24:09'),
(50, 21, 'Residential', '', '600000', '4528986', '2015-12-01 10:24:32', '2015-12-01 10:24:32'),
(51, 21, 'Agriculture', '', '300000', '2264493', '2015-12-01 10:24:44', '2015-12-01 10:24:44'),
(52, 21, 'Trade Site', '', '800000', '6038647', '2015-12-01 10:24:56', '2015-12-01 10:24:56'),
(53, 22, 'Residential', '', '750000', '5661232', '2015-12-01 10:27:34', '2015-12-01 10:27:34'),
(54, 23, 'Residential', '', '750000', '5661232', '2015-12-01 10:27:54', '2015-12-01 10:27:54'),
(55, 24, 'Residential', '', '750000', '5661232', '2015-12-01 10:28:35', '2015-12-01 10:28:35'),
(56, 24, 'Trade Site', '', '1000000', '7548309', '2015-12-01 10:28:59', '2015-12-01 10:28:59'),
(57, 25, 'Residential', '', '750000', '5661232', '2015-12-01 10:37:31', '2015-12-01 10:37:31'),
(58, 26, 'Residential', '', '750000', '5661232', '2015-12-01 10:38:21', '2015-12-01 10:38:21'),
(59, 27, 'Residential', '', '750000', '5661232', '2015-12-01 10:39:00', '2015-12-01 10:39:00'),
(60, 27, 'Trade Site', '', '1000000', '7548309', '2015-12-01 10:39:14', '2015-12-01 10:39:14'),
(61, 28, 'Residential', '', '750000', '5661232', '2015-12-01 10:39:41', '2015-12-01 10:39:41'),
(62, 28, 'Agriculture', '', '750000', '5661232', '2015-12-01 10:39:53', '2015-12-01 10:39:53'),
(63, 28, 'Trade Site', '', '1000000', '7548309', '2015-12-01 10:40:03', '2015-12-01 10:40:03'),
(64, 30, 'Residential', '', '250000', '1887077', '2015-12-01 10:40:34', '2015-12-01 10:40:34'),
(65, 30, 'Agriculture', '', '150000', '1132246', '2015-12-01 10:40:47', '2015-12-01 10:40:47'),
(66, 31, 'Residential', '', '200000', '1509662', '2015-12-01 10:41:51', '2015-12-01 10:41:51'),
(67, 31, 'Agriculture', '', '800000', '6038647', '2015-12-01 10:42:01', '2015-12-01 10:42:01'),
(68, 32, 'Agriculture', '', '300000', '2264493', '2015-12-01 10:42:21', '2015-12-01 10:42:21');

-- --------------------------------------------------------

--
-- Table structure for table `subdivs`
--

CREATE TABLE IF NOT EXISTS `subdivs` (
  `id` int(11) NOT NULL AUTO_INCREMENT,
  `district_id` int(11) NOT NULL,
  `name` varchar(20) COLLATE utf8_unicode_ci NOT NULL,
  `name_local` varchar(50) COLLATE utf8_unicode_ci DEFAULT NULL,
  `created_at` timestamp NOT NULL,
  `updated_at` timestamp NOT NULL,
  PRIMARY KEY (`id`)
) ENGINE=InnoDB  DEFAULT CHARSET=utf8 COLLATE=utf8_unicode_ci AUTO_INCREMENT=3 ;

--
-- Dumping data for table `subdivs`
--

INSERT INTO `subdivs` (`id`, `district_id`, `name`, `name_local`, `created_at`, `updated_at`) VALUES
(1, 1, 'Sadar', '', '2015-12-01 06:11:08', '2015-12-01 06:11:08'),
(2, 1, 'Kaliabor', '', '2015-12-01 06:11:23', '2015-12-01 06:11:23');

-- --------------------------------------------------------

--
-- Table structure for table `villages`
--

CREATE TABLE IF NOT EXISTS `villages` (
  `id` int(11) NOT NULL AUTO_INCREMENT,
  `lot_id` int(11) NOT NULL,
  `name` varchar(30) COLLATE utf8_unicode_ci NOT NULL,
  `name_local` varchar(50) COLLATE utf8_unicode_ci NOT NULL,
  `factor` decimal(10,0) NOT NULL,
  `la_case` varchar(30) COLLATE utf8_unicode_ci NOT NULL,
  `chainage_from` int(11) NOT NULL,
  `chainage_to` int(11) NOT NULL,
  `created_at` timestamp NOT NULL,
  `updated_at` timestamp NOT NULL,
  PRIMARY KEY (`id`)
) ENGINE=InnoDB  DEFAULT CHARSET=utf8 COLLATE=utf8_unicode_ci AUTO_INCREMENT=33 ;

--
-- Dumping data for table `villages`
--

INSERT INTO `villages` (`id`, `lot_id`, `name`, `name_local`, `factor`, `la_case`, `chainage_from`, `chainage_to`, `created_at`, `updated_at`) VALUES
(1, 1, 'URIAGAON', '', '2', '1/2013', 0, 0, '2015-12-01 06:23:50', '2015-12-01 11:31:42'),
(2, 1, 'Niz-Gumutha', '', '2', '', 0, 0, '2015-12-01 06:37:51', '2015-12-01 06:37:51'),
(3, 1, 'Nortomgaon', '', '2', '', 0, 0, '2015-12-01 06:38:35', '2015-12-01 06:38:35'),
(4, 2, 'Kachari Gaon', '', '2', '', 0, 0, '2015-12-01 06:41:46', '2015-12-01 06:41:46'),
(5, 2, 'Puranigudam Town', '', '2', '5/2013', 0, 0, '2015-12-01 06:44:35', '2015-12-01 11:40:17'),
(6, 3, 'Mikirhat', '', '2', '', 0, 0, '2015-12-01 06:47:23', '2015-12-01 06:47:23'),
(7, 3, 'Haiborgaon', '', '2', '', 0, 0, '2015-12-01 06:49:00', '2015-12-01 06:49:00'),
(8, 3, 'Pahukata', '', '2', '', 0, 0, '2015-12-01 06:51:13', '2015-12-01 06:51:13'),
(9, 3, 'Niz-Bheleuguri', '', '2', '', 0, 0, '2015-12-01 06:53:22', '2015-12-01 06:53:22'),
(10, 3, 'Hahchara Borali', '', '2', '', 0, 0, '2015-12-01 06:54:45', '2015-12-01 06:54:45'),
(11, 3, 'Auniati Satra', '', '2', '', 0, 0, '2015-12-01 06:56:59', '2015-12-01 06:56:59'),
(12, 4, 'Sonaribali', '', '2', '', 0, 0, '2015-12-01 06:59:51', '2015-12-01 06:59:51'),
(13, 4, 'Gatanga', '', '2', '', 0, 0, '2015-12-01 07:01:27', '2015-12-01 07:01:27'),
(14, 4, 'Rangagara', '', '2', '', 0, 0, '2015-12-01 07:03:28', '2015-12-01 07:03:28'),
(15, 4, 'Bhomoraguri', '', '2', '', 0, 0, '2015-12-01 07:04:04', '2015-12-01 07:04:04'),
(16, 4, 'Amoni', '', '2', '', 0, 0, '2015-12-01 07:04:18', '2015-12-01 07:04:18'),
(17, 4, 'Missa', '', '2', '', 0, 0, '2015-12-01 07:04:34', '2015-12-01 07:04:34'),
(18, 5, 'Misamukh', '', '2', '', 0, 0, '2015-12-01 10:17:05', '2015-12-01 10:17:05'),
(19, 5, 'Rowmari Bil', '', '2', '', 0, 0, '2015-12-01 10:17:31', '2015-12-01 10:17:31'),
(20, 5, 'Borali Gaon', '', '2', '', 0, 0, '2015-12-01 10:17:58', '2015-12-01 10:17:58'),
(21, 5, 'Darigaji', '', '2', '', 0, 0, '2015-12-01 10:18:12', '2015-12-01 10:18:12'),
(22, 5, 'Hatigaon', '', '2', '37/2013', 0, 0, '2015-12-01 10:18:25', '2015-12-01 11:31:16'),
(23, 5, 'Kuwaritol', '', '2', '', 0, 0, '2015-12-01 10:18:56', '2015-12-01 10:18:56'),
(24, 5, 'Uppar Borbhogia', '', '2', '', 0, 0, '2015-12-01 10:19:17', '2015-12-01 10:19:17'),
(25, 6, '1 No. Missa Chah Bagan', '', '2', '', 0, 0, '2015-12-01 10:31:32', '2015-12-01 10:31:32'),
(26, 6, '3 No. Missa Chah Bagan', '', '2', '', 0, 0, '2015-12-01 10:31:55', '2015-12-01 10:31:55'),
(27, 7, 'Dhonekhowa', '', '2', '', 0, 0, '2015-12-01 10:33:54', '2015-12-01 10:33:54'),
(28, 7, 'Noltoli', '', '2', '', 0, 0, '2015-12-01 10:34:16', '2015-12-01 10:34:16'),
(29, 7, 'Bhomoraguri', '', '2', '', 0, 0, '2015-12-01 10:34:31', '2015-12-01 10:34:31'),
(30, 7, 'Dalapani', '', '2', '', 0, 0, '2015-12-01 10:35:06', '2015-12-01 10:35:06'),
(31, 7, '1 No. Bhurbondha', '', '2', '', 0, 0, '2015-12-01 10:35:47', '2015-12-01 10:35:47'),
(32, 7, 'Langichuk', '', '2', '', 0, 0, '2015-12-01 10:36:42', '2015-12-01 10:36:42');

/*!40101 SET CHARACTER_SET_CLIENT=@OLD_CHARACTER_SET_CLIENT */;
/*!40101 SET CHARACTER_SET_RESULTS=@OLD_CHARACTER_SET_RESULTS */;
/*!40101 SET COLLATION_CONNECTION=@OLD_COLLATION_CONNECTION */;
